time,temperature_2m_max,temperature_2m_min,temperature_2m_mean,relative_humidity_2m_mean,rain_sum,degree_days
2023-01-01,38.8,19.4,27.8,44,0.0,17.8
2023-01-02,36.3,21.4,28.8,46,0.0,18.8
2023-01-03,32.9,17.6,23.6,61,1.1,13.600000000000001
2023-01-04,22.5,15.6,19.0,72,3.1,9.0
2023-01-05,23.1,14.7,18.1,54,0.1,8.100000000000001
2023-01-06,28.6,14.7,21.0,51,0.0,11.0
2023-01-07,33.0,14.4,23.9,47,0.0,13.899999999999999
2023-01-08,33.1,16.2,24.5,52,0.0,14.5
2023-01-09,31.7,15.1,22.2,70,0.0,12.2
2023-01-10,28.8,17.6,21.5,68,0.0,11.5
2023-01-11,29.2,14.2,22.7,53,0.0,12.7
2023-01-12,25.7,18.0,22.3,60,0.3,12.3
2023-01-13,27.3,13.7,20.8,61,0.1,10.8
2023-01-14,31.7,16.3,22.8,57,0.3,12.8
2023-01-15,31.8,18.3,24.1,56,0.0,14.100000000000001
2023-01-16,37.8,20.9,28.2,52,0.0,18.2
2023-01-17,35.7,20.6,28.2,56,0.0,18.2
2023-01-18,33.8,20.0,25.7,59,0.1,15.7
2023-01-19,28.2,19.1,22.5,67,0.2,12.5
2023-01-20,28.7,15.6,21.6,69,0.0,11.600000000000001
2023-01-21,29.7,17.1,22.0,68,0.0,12.0
2023-01-22,27.6,16.8,22.1,66,0.0,12.100000000000001
2023-01-23,30.9,16.3,22.6,60,0.0,12.600000000000001
2023-01-24,21.1,15.0,17.6,70,6.8,7.600000000000001
2023-01-25,28.8,12.0,19.7,51,0.0,9.7
2023-01-26,29.9,12.2,21.1,62,0.0,11.100000000000001
2023-01-27,29.4,15.2,22.1,65,0.0,12.100000000000001
2023-01-28,24.0,16.5,19.8,67,0.9,9.8
2023-01-29,29.4,15.5,21.3,46,0.0,11.3
2023-01-30,33.1,17.4,24.0,46,0.0,14.0
2023-01-31,33.7,18.2,25.6,49,0.0,15.600000000000001
2023-02-01,26.5,17.4,21.9,70,0.0,11.899999999999999
2023-02-02,26.3,16.5,20.9,67,0.0,10.899999999999999
2023-02-03,34.6,12.9,23.7,53,0.0,13.7
2023-02-04,34.5,17.8,24.7,53,0.0,14.7
2023-02-05,26.0,20.2,22.6,77,0.0,12.600000000000001
2023-02-06,32.6,20.2,26.1,59,0.0,16.1
2023-02-07,27.8,20.0,23.7,70,1.3,13.7
2023-02-08,33.8,19.8,25.4,53,0.0,15.399999999999999
2023-02-09,34.6,17.8,26.2,50,0.0,16.2
2023-02-10,36.9,20.9,28.5,47,0.0,18.5
2023-02-11,38.0,20.6,28.0,41,0.0,18.0
2023-02-12,27.4,19.2,22.6,70,0.0,12.600000000000001
2023-02-13,30.6,16.9,23.7,66,0.0,13.7
2023-02-14,30.5,19.2,24.0,69,0.1,14.0
2023-02-15,30.1,19.0,23.2,65,0.0,13.2
2023-02-16,28.4,20.0,22.7,65,0.0,12.7
2023-02-17,26.5,19.1,21.6,69,3.2,11.600000000000001
2023-02-18,31.8,17.3,23.7,59,0.0,13.7
2023-02-19,27.1,15.6,20.7,69,0.2,10.7
2023-02-20,19.3,13.2,16.1,83,29.5,6.100000000000001
2023-02-21,22.6,11.2,15.9,64,0.1,5.9
2023-02-22,26.5,11.3,19.3,60,0.0,9.3
2023-02-23,29.8,14.4,21.9,63,0.0,11.899999999999999
2023-02-24,25.1,16.2,20.3,70,0.0,10.3
2023-02-25,25.8,16.1,19.8,59,0.0,9.8
2023-02-26,31.9,12.8,22.0,52,0.0,12.0
2023-02-27,33.7,14.5,23.6,55,0.0,13.600000000000001
2023-02-28,33.6,17.0,24.4,62,0.0,14.399999999999999
2023-03-01,35.0,15.9,25.0,56,0.0,15.0
2023-03-02,34.9,19.1,26.1,45,0.0,16.1
2023-03-03,27.5,16.5,20.9,70,0.0,10.899999999999999
2023-03-04,28.8,17.4,22.1,74,3.4,12.100000000000001
2023-03-05,20.4,16.9,17.8,95,18.0,7.800000000000001
2023-03-06,23.0,15.6,18.9,74,6.5,8.899999999999999
2023-03-07,27.7,17.2,20.9,64,0.4,10.899999999999999
2023-03-08,22.3,14.6,18.0,81,3.0,8.0
2023-03-09,19.0,14.8,16.6,94,11.6,6.600000000000001
2023-03-10,23.9,12.8,17.2,75,0.1,7.199999999999999
2023-03-11,20.7,13.3,16.7,74,6.7,6.699999999999999
2023-03-12,26.2,12.7,19.0,63,0.0,9.0
2023-03-13,29.5,13.5,21.2,72,0.0,11.2
2023-03-14,31.5,16.6,23.3,65,0.0,13.3
2023-03-15,32.7,20.3,24.8,69,0.0,14.8
2023-03-16,35.3,19.6,26.3,58,0.0,16.3
2023-03-17,24.7,17.2,19.8,81,0.7,9.8
2023-03-18,22.9,15.4,18.4,80,11.4,8.399999999999999
2023-03-19,25.5,15.6,19.1,65,0.0,9.100000000000001
2023-03-20,22.0,15.8,17.7,73,4.5,7.699999999999999
2023-03-21,24.6,15.1,18.5,80,3.8,8.5
2023-03-22,24.7,12.4,18.9,74,0.0,8.899999999999999
2023-03-23,27.5,20.1,23.4,65,10.3,13.399999999999999
2023-03-24,25.4,16.2,19.3,77,4.1,9.3
2023-03-25,20.3,15.8,17.4,90,17.9,7.399999999999999
2023-03-26,23.3,12.9,17.4,71,0.4,7.399999999999999
2023-03-27,28.0,11.8,19.2,55,0.0,9.2
2023-03-28,21.7,14.6,17.5,65,0.0,7.5
2023-03-29,20.1,12.1,15.6,68,0.2,5.6
2023-03-30,22.5,11.5,16.4,72,0.0,6.399999999999999
2023-03-31,26.8,11.5,18.1,70,0.0,8.100000000000001
2023-04-01,29.8,13.2,20.7,60,0.0,10.7
2023-04-02,24.5,12.5,18.7,75,0.0,8.7
2023-04-03,21.2,14.6,17.8,79,1.4,7.800000000000001
2023-04-04,25.0,10.0,17.2,73,0.0,7.199999999999999
2023-04-05,32.7,12.4,21.7,57,0.0,11.7
2023-04-06,32.9,15.1,21.6,62,0.0,11.600000000000001
2023-04-07,19.9,15.3,17.1,86,5.0,7.100000000000001
2023-04-08,18.6,11.6,15.4,69,1.3,5.4
2023-04-09,19.6,8.1,14.0,69,0.9,4.0
2023-04-10,17.5,11.5,14.2,76,2.6,4.199999999999999
2023-04-11,20.1,9.5,14.2,70,0.0,4.199999999999999
2023-04-12,21.5,9.2,15.1,60,0.1,5.1
2023-04-13,22.5,13.0,16.6,71,2.3,6.600000000000001
2023-04-14,20.2,11.0,15.2,68,0.5,5.199999999999999
2023-04-15,24.8,8.8,15.9,61,0.0,5.9
2023-04-16,29.1,10.6,17.8,62,0.0,7.800000000000001
2023-04-17,26.7,9.9,17.9,59,0.0,7.899999999999999
2023-04-18,25.0,11.1,16.9,61,0.0,6.899999999999999
2023-04-19,25.4,12.0,18.4,54,0.0,8.399999999999999
2023-04-20,16.1,10.9,13.7,84,26.9,3.6999999999999993
2023-04-21,16.7,7.4,11.6,69,0.3,1.5999999999999996
2023-04-22,14.3,9.8,12.6,76,6.4,2.5999999999999996
2023-04-23,19.0,13.7,16.0,95,22.0,6.0
2023-04-24,20.7,12.4,16.9,90,26.0,6.899999999999999
2023-04-25,21.2,11.1,15.6,76,0.0,5.6
2023-04-26,22.0,10.3,15.1,78,0.0,5.1
2023-04-27,19.5,12.0,14.6,87,17.5,4.6
2023-04-28,19.2,12.0,14.6,79,1.3,4.6
2023-04-29,18.5,12.5,14.8,74,0.5,4.800000000000001
2023-04-30,22.2,10.0,14.9,75,0.0,4.9
2023-05-01,19.9,8.0,13.7,79,0.0,3.6999999999999993
2023-05-02,20.6,10.7,14.8,85,0.0,4.800000000000001
2023-05-03,21.3,10.6,14.4,87,0.0,4.4
2023-05-04,20.5,9.8,14.1,85,0.0,4.1
2023-05-05,21.6,8.7,13.9,83,0.0,3.9000000000000004
2023-05-06,20.2,9.2,14.4,84,0.5,4.4
2023-05-07,21.6,11.8,15.8,83,0.0,5.800000000000001
2023-05-08,20.7,10.7,14.8,78,0.0,4.800000000000001
2023-05-09,22.9,8.5,14.4,82,0.0,4.4
2023-05-10,25.6,9.7,17.8,61,0.0,7.800000000000001
2023-05-11,15.1,11.1,13.2,88,4.1,3.1999999999999993
2023-05-12,15.8,10.1,12.4,67,0.0,2.4000000000000004
2023-05-13,16.5,11.5,13.7,66,0.0,3.6999999999999993
2023-05-14,19.1,10.0,14.5,66,0.0,4.5
2023-05-15,22.1,8.4,13.8,66,0.0,3.8000000000000007
2023-05-16,19.4,8.4,12.7,78,0.0,2.6999999999999993
2023-05-17,17.2,8.0,12.8,87,5.0,2.8000000000000007
2023-05-18,18.1,7.8,12.1,78,0.0,2.0999999999999996
2023-05-19,17.1,6.0,11.1,75,0.8,1.0999999999999996
2023-05-20,18.7,9.6,13.0,76,0.0,3.0
2023-05-21,18.1,11.1,13.9,79,8.8,3.9000000000000004
2023-05-22,20.6,7.2,13.7,70,0.0,3.6999999999999993
2023-05-23,18.7,9.5,14.2,71,0.0,4.199999999999999
2023-05-24,19.2,10.4,14.0,78,0.0,4.0
2023-05-25,13.4,8.6,11.2,97,58.5,1.1999999999999993
2023-05-26,14.5,8.3,10.7,86,3.0,0.6999999999999993
2023-05-27,17.3,8.7,11.4,67,0.0,1.4000000000000004
2023-05-28,17.8,7.5,12.6,68,0.0,2.5999999999999996
2023-05-29,17.2,10.6,14.5,80,8.4,4.5
2023-05-30,14.2,11.2,12.3,93,6.6,2.3000000000000007
2023-05-31,19.1,11.1,14.0,93,5.4,4.0
2023-06-01,19.0,11.1,14.0,92,0.0,4.0
2023-06-02,18.4,11.1,14.7,75,1.6,4.699999999999999
2023-06-03,14.0,10.0,12.5,90,22.9,2.5
2023-06-04,13.8,7.9,10.4,92,17.4,0.40000000000000036
2023-06-05,13.5,6.4,9.8,82,0.1,0.0
2023-06-06,17.7,4.2,11.7,63,0.0,1.6999999999999993
2023-06-07,12.7,7.7,10.9,84,6.1,0.9000000000000004
2023-06-08,15.6,12.3,13.8,99,22.8,3.8000000000000007
2023-06-09,16.4,12.2,13.6,94,5.9,3.5999999999999996
2023-06-10,17.8,10.3,12.9,88,0.0,2.9000000000000004
2023-06-11,15.7,9.8,12.1,91,6.3,2.0999999999999996
2023-06-12,14.9,10.5,12.2,88,12.7,2.1999999999999993
2023-06-13,14.8,11.6,13.2,97,27.1,3.1999999999999993
2023-06-14,14.1,10.6,12.8,95,40.6,2.8000000000000007
2023-06-15,16.7,9.0,13.0,89,29.4,3.0
2023-06-16,15.8,10.6,12.9,84,1.0,2.9000000000000004
2023-06-17,14.1,9.6,12.9,94,46.0,2.9000000000000004
2023-06-18,14.3,9.5,11.5,88,6.4,1.5
2023-06-19,13.5,8.2,10.9,85,31.4,0.9000000000000004
2023-06-20,13.2,6.2,9.3,85,1.0,0.0
2023-06-21,13.9,8.6,11.0,83,1.8,1.0
2023-06-22,20.3,7.7,13.1,85,0.0,3.0999999999999996
2023-06-23,18.5,12.9,14.6,71,1.7,4.6
2023-06-24,17.4,11.4,14.1,87,0.0,4.1
2023-06-25,16.9,11.7,13.8,78,0.0,3.8000000000000007
2023-06-26,18.2,12.5,14.3,73,1.2,4.300000000000001
2023-06-27,14.7,11.1,13.3,86,7.2,3.3000000000000007
2023-06-28,15.5,6.4,11.0,86,0.6,1.0
2023-06-29,13.6,10.6,12.1,97,11.4,2.0999999999999996
2023-06-30,15.6,10.8,12.5,89,2.5,2.5
2023-07-01,17.9,9.3,13.1,76,0.0,3.0999999999999996
2023-07-02,18.7,7.8,12.3,83,0.0,2.3000000000000007
2023-07-03,18.7,8.7,12.6,71,0.0,2.5999999999999996
2023-07-04,17.0,6.7,11.4,81,0.0,1.4000000000000004
2023-07-05,18.0,4.6,10.3,70,0.0,0.3000000000000007
2023-07-06,23.7,6.1,16.6,47,0.0,6.600000000000001
2023-07-07,15.4,11.0,13.2,85,10.4,3.1999999999999993
2023-07-08,12.0,6.6,9.6,89,29.5,0.0
2023-07-09,13.8,3.7,8.5,88,3.1,0.0
2023-07-10,15.1,1.2,7.0,84,0.0,0.0
2023-07-11,16.9,2.6,8.3,84,0.0,0.0
2023-07-12,21.1,5.2,12.2,63,0.0,2.1999999999999993
2023-07-13,24.5,4.3,13.0,62,0.0,3.0
2023-07-14,22.7,12.0,17.6,48,0.0,7.600000000000001
2023-07-15,16.4,9.6,12.7,78,0.7,2.6999999999999993
2023-07-16,16.5,10.9,13.4,91,3.1,3.4000000000000004
2023-07-17,19.0,10.0,14.0,85,0.0,4.0
2023-07-18,14.5,8.7,11.7,96,15.1,1.6999999999999993
2023-07-19,13.3,5.0,9.1,77,0.3,0.0
2023-07-20,15.9,0.9,7.8,77,0.0,0.0
2023-07-21,16.7,1.2,9.1,66,0.0,0.0
2023-07-22,15.5,5.9,10.6,63,1.1,0.5999999999999996
2023-07-23,13.9,6.6,10.2,85,1.0,0.1999999999999993
2023-07-24,14.4,4.0,8.7,75,0.0,0.0
2023-07-25,18.3,0.9,8.3,80,0.0,0.0
2023-07-26,15.3,5.5,11.3,72,0.5,1.3000000000000007
2023-07-27,15.5,8.5,11.2,84,0.1,1.1999999999999993
2023-07-28,14.8,6.9,10.5,85,13.5,0.5
2023-07-29,11.5,8.0,9.5,91,11.9,0.0
2023-07-30,12.0,5.7,8.9,86,10.3,0.0
2023-07-31,13.5,5.4,9.8,84,2.5,0.0
2023-08-01,16.3,1.7,7.9,85,0.0,0.0
2023-08-02,21.6,1.4,10.1,76,0.0,0.09999999999999964
2023-08-03,26.4,8.1,19.5,39,0.0,9.5
2023-08-04,19.2,10.8,15.0,69,0.0,5.0
2023-08-05,18.4,7.0,11.8,84,0.0,1.8000000000000007
2023-08-06,16.8,7.3,11.8,83,0.0,1.8000000000000007
2023-08-07,19.7,6.0,12.0,82,0.0,2.0
2023-08-08,17.6,7.9,13.0,79,0.2,3.0
2023-08-09,21.8,7.4,13.3,82,0.0,3.3000000000000007
2023-08-10,26.4,8.6,17.1,60,0.0,7.100000000000001
2023-08-11,24.1,12.9,17.9,57,0.0,7.899999999999999
2023-08-12,16.3,10.4,12.5,87,0.9,2.5
2023-08-13,16.5,9.5,12.0,79,0.1,2.0
2023-08-14,13.5,6.6,9.9,74,0.1,0.0
2023-08-15,19.0,3.7,11.5,69,0.0,1.5
2023-08-16,18.2,9.6,13.6,69,0.4,3.5999999999999996
2023-08-17,15.4,9.8,11.4,92,40.8,1.4000000000000004
2023-08-18,15.7,9.7,12.0,89,6.9,2.0
2023-08-19,18.3,6.2,11.9,84,0.3,1.9000000000000004
2023-08-20,16.5,9.8,12.1,83,0.6,2.0999999999999996
2023-08-21,15.6,10.8,12.7,84,18.5,2.6999999999999993
2023-08-22,14.3,10.5,11.9,96,32.7,1.9000000000000004
2023-08-23,14.4,7.2,10.5,80,3.4,0.5
2023-08-24,16.2,4.0,9.4,77,0.0,0.0
2023-08-25,13.2,7.5,9.9,89,27.8,0.0
2023-08-26,13.9,6.9,10.1,72,0.2,0.09999999999999964
2023-08-27,20.8,4.3,11.5,78,0.0,1.5
2023-08-28,28.1,6.6,16.6,70,0.0,6.600000000000001
2023-08-29,30.2,13.9,22.1,44,0.0,12.100000000000001
2023-08-30,23.9,12.5,18.3,70,0.0,8.3
2023-08-31,14.9,8.9,11.9,90,4.9,1.9000000000000004
2023-09-01,13.9,5.9,9.5,72,0.0,0.0
2023-09-02,14.0,6.7,10.0,73,1.4,0.0
2023-09-03,14.9,7.5,10.8,80,1.6,0.8000000000000007
2023-09-04,14.4,5.8,10.5,77,2.4,0.5
2023-09-05,13.5,6.0,9.4,80,3.3,0.0
2023-09-06,15.1,6.3,10.3,77,0.2,0.3000000000000007
2023-09-07,18.0,8.5,12.1,79,0.0,2.0999999999999996
2023-09-08,20.0,7.3,12.8,78,0.0,2.8000000000000007
2023-09-09,17.8,8.5,12.5,86,4.8,2.5
2023-09-10,14.9,8.7,11.1,88,21.7,1.0999999999999996
2023-09-11,11.8,4.4,7.6,80,7.4,0.0
2023-09-12,15.5,2.3,8.6,77,0.0,0.0
2023-09-13,20.5,3.4,12.0,68,0.0,2.0
2023-09-14,14.4,9.9,11.7,91,8.5,1.6999999999999993
2023-09-15,14.3,8.6,12.0,87,11.9,2.0
2023-09-16,13.5,7.9,10.6,72,3.3,0.5999999999999996
2023-09-17,16.6,7.9,11.5,74,0.0,1.5
2023-09-18,17.2,6.2,11.4,80,0.2,1.4000000000000004
2023-09-19,17.0,7.9,12.2,87,10.2,2.1999999999999993
2023-09-20,18.4,9.0,13.1,83,1.3,3.0999999999999996
2023-09-21,15.7,10.4,13.3,93,6.0,3.3000000000000007
2023-09-22,19.0,10.5,14.4,79,2.8,4.4
2023-09-23,15.9,10.8,12.8,75,0.0,2.8000000000000007
2023-09-24,16.9,12.0,14.1,81,37.8,4.1
2023-09-25,16.0,12.9,14.0,92,38.6,4.0
2023-09-26,20.6,8.6,14.4,74,0.0,4.4
2023-09-27,24.3,6.9,15.0,73,0.0,5.0
2023-09-28,27.3,8.9,17.6,66,0.0,7.600000000000001
2023-09-29,23.5,13.5,18.1,66,0.1,8.100000000000001
2023-09-30,16.2,8.9,13.3,85,13.3,3.3000000000000007
2023-10-01,22.0,5.4,13.1,76,0.0,3.0999999999999996
2023-10-02,29.9,8.1,17.6,61,0.0,7.600000000000001
2023-10-03,25.3,9.0,17.5,68,0.0,7.5
2023-10-04,24.9,11.5,17.8,74,3.1,7.800000000000001
2023-10-05,22.5,13.7,17.6,76,0.0,7.600000000000001
2023-10-06,23.5,16.0,18.9,72,0.1,8.899999999999999
2023-10-07,17.7,12.2,15.6,71,0.5,5.6
2023-10-08,22.8,10.5,16.4,65,0.0,6.399999999999999
2023-10-09,23.2,12.7,17.3,65,0.0,7.300000000000001
2023-10-10,26.0,10.6,17.8,70,0.0,7.800000000000001
2023-10-11,23.0,11.1,16.3,79,0.2,6.300000000000001
2023-10-12,18.3,12.5,14.6,86,3.0,4.6
2023-10-13,19.7,9.2,15.1,71,0.1,5.1
2023-10-14,25.7,13.5,18.8,62,0.3,8.8
2023-10-15,25.8,15.1,19.4,61,0.0,9.399999999999999
2023-10-16,28.1,10.6,19.7,68,0.0,9.7
2023-10-17,28.9,13.0,20.6,67,0.0,10.600000000000001
2023-10-18,27.6,11.5,19.5,68,0.0,9.5
2023-10-19,31.5,15.3,22.9,59,0.0,12.899999999999999
2023-10-20,24.2,13.4,19.2,76,0.0,9.2
2023-10-21,20.4,17.0,18.6,70,0.0,8.600000000000001
2023-10-22,27.3,13.8,20.1,61,0.0,10.100000000000001
2023-10-23,23.5,13.4,17.9,69,0.0,7.899999999999999
2023-10-24,21.0,12.3,16.1,79,2.3,6.100000000000001
2023-10-25,25.1,9.4,17.1,73,0.0,7.100000000000001
2023-10-26,26.1,10.9,17.0,77,0.0,7.0
2023-10-27,19.4,11.4,15.0,79,3.4,5.0
2023-10-28,20.3,10.9,14.8,62,0.1,4.800000000000001
2023-10-29,23.6,7.0,15.5,51,0.0,5.5
2023-10-30,25.2,6.8,16.6,51,0.0,6.600000000000001
2023-10-31,29.9,12.9,20.5,52,0.0,10.5
2023-11-01,32.0,14.5,22.7,50,0.0,12.7
2023-11-02,35.4,17.0,25.2,47,0.0,15.2
2023-11-03,25.1,14.5,19.2,67,0.3,9.2
2023-11-04,21.7,14.4,17.3,76,1.9,7.300000000000001
2023-11-05,26.8,10.5,18.4,71,0.0,8.399999999999999
2023-11-06,22.9,12.5,16.8,79,0.6,6.800000000000001
2023-11-07,20.2,11.9,15.6,76,3.6,5.6
2023-11-08,22.3,8.6,15.3,67,0.0,5.300000000000001
2023-11-09,29.4,8.9,19.1,65,0.0,9.100000000000001
2023-11-10,30.0,13.4,20.5,67,0.0,10.5
2023-11-11,23.4,14.6,18.2,70,0.3,8.2
2023-11-12,22.2,12.9,17.3,66,0.2,7.300000000000001
2023-11-13,29.3,11.3,20.2,56,0.0,10.2
2023-11-14,34.8,13.8,24.1,47,0.0,14.100000000000001
2023-11-15,37.9,16.3,24.8,48,0.0,14.8
2023-11-16,28.3,14.5,20.7,68,0.0,10.7
2023-11-17,25.7,14.3,19.1,73,0.0,9.100000000000001
2023-11-18,27.2,14.1,19.2,71,0.1,9.2
2023-11-19,25.4,13.3,19.1,71,0.0,9.100000000000001
2023-11-20,23.6,16.3,18.8,77,24.9,8.8
2023-11-21,21.6,14.6,17.6,74,8.0,7.600000000000001
2023-11-22,24.9,13.5,18.3,72,0.3,8.3
2023-11-23,26.2,15.7,19.9,69,0.1,9.899999999999999
2023-11-24,22.8,14.0,17.9,70,0.0,7.899999999999999
2023-11-25,24.7,10.9,18.3,69,0.0,8.3
2023-11-26,30.6,12.0,20.3,67,0.0,10.3
2023-11-27,29.3,14.0,21.3,61,0.0,11.3
2023-11-28,24.0,15.1,18.4,74,0.8,8.399999999999999
2023-11-29,30.4,13.1,21.2,54,0.0,11.2
2023-11-30,36.3,14.1,24.8,46,0.0,14.8
2023-12-01,25.2,14.1,19.9,62,0.0,9.899999999999999
2023-12-02,23.4,13.4,18.3,68,0.0,8.3
2023-12-03,23.8,12.4,17.7,65,0.0,7.699999999999999
2023-12-04,22.8,12.3,17.8,64,0.1,7.800000000000001
2023-12-05,29.1,11.6,20.3,57,0.0,10.3
2023-12-06,34.4,15.9,24.3,46,0.0,14.3
2023-12-07,32.2,16.0,22.6,62,0.0,12.600000000000001
2023-12-08,24.5,15.5,19.7,76,4.3,9.7
2023-12-09,24.7,14.7,19.5,60,0.9,9.5
2023-12-10,30.7,12.3,21.2,54,0.0,11.2
2023-12-11,28.0,11.9,20.1,64,0.0,10.100000000000001
2023-12-12,22.9,14.9,18.4,56,0.1,8.399999999999999
2023-12-13,26.3,11.4,18.8,58,0.0,8.8
2023-12-14,24.3,15.6,19.0,53,0.0,9.0
2023-12-15,29.1,12.7,20.4,56,0.0,10.399999999999999
2023-12-16,29.0,11.7,20.4,65,0.0,10.399999999999999
2023-12-17,24.1,13.0,18.8,69,0.0,8.8
2023-12-18,27.4,13.4,20.3,61,0.0,10.3
2023-12-19,30.2,12.2,21.6,55,0.0,11.600000000000001
2023-12-20,25.2,13.8,19.6,68,0.0,9.600000000000001
2023-12-21,33.6,12.3,23.0,54,0.0,13.0
2023-12-22,32.5,16.3,22.9,59,0.0,12.899999999999999
2023-12-23,29.4,18.8,23.0,69,0.2,13.0
2023-12-24,34.1,18.4,24.6,57,0.0,14.600000000000001
2023-12-25,28.7,18.2,22.1,56,0.0,12.100000000000001
2023-12-26,30.1,17.8,21.9,54,0.0,11.899999999999999
2023-12-27,34.9,15.9,24.5,44,0.0,14.5
2023-12-28,33.6,17.6,25.2,55,0.0,15.2
2023-12-29,36.6,16.8,26.2,57,0.0,16.2
2023-12-30,34.0,20.5,25.6,62,2.9,15.600000000000001
2023-12-31,31.0,21.3,25.0,61,0.5,15.0
