gbif_id,event_date,latitude,longitude,state_province
6129866219,2026-01-13T09:53,34.107888,-118.436021,California
6130449224,2026-01-26T09:43:28,34.095268,-118.311966,California
6130600373,2026-01-10T11:30,37.429693,-122.126895,California
6131105230,2026-01-22T12:28,34.126927,-118.209909,California
6131556575,2026-01-11T13:35:33,34.178888,-118.002846,California
6131587784,2026-01-17T11:59:52,37.354555,-121.855858,California
6131620695,2026-01-13T08:45,34.150097,-117.992622,California
6133524699,2026-01-25T13:57,37.338611,-121.843919,California
6133564077,2026-01-29T12:13:42,37.206683,-121.962191,California
6147602025,2026-01-22T22:34:10,37.317401,-121.909177,California
6178478991,2026-01-21T13:52:15,32.833777,-117.130113,California
6320338425,2026-01-28T10:55:31,33.985563,-118.367922,California
6147281338,2026-02-08T14:01:59,34.060833,-117.823822,California
6147357426,2026-02-05T13:36,34.160204,-118.111641,California
6159469524,2026-02-12T14:20:13,33.848682,-118.105466,California
6162826187,2026-02-20T12:55:29,34.137607,-118.187861,California
6178300799,2026-02-15T13:16:21,34.149882,-118.364921,California
6178377443,2026-02-18T12:16:24,34.105779,-118.320481,California
6178611133,2026-02-25T11:50:57,37.33375,-121.886871,California
6178876936,2026-02-25T15:07:41,33.894398,-118.122158,California
6178971366,2026-02-24T12:00:33,37.349525,-121.94182,California
6179316327,2026-02-15T13:09:33,34.063815,-118.359128,California
6320469364,2026-02-07T11:05:09,34.079739,-118.198813,California
6178463699,2026-03-12T09:31:53,33.990538,-118.378787,California
6178557015,2026-03-08T14:53:54,33.904075,-118.394037,California
6178835976,2026-03-01T14:01:04,37.273178,-121.898567,California
6179144409,2026-03-11T12:39:02,37.427647,-121.893067,California
6184724922,2026-03-20T14:37:06,37.222559,-121.976132,California
6185472589,2026-03-15T08:13:40,37.330045,-121.909412,California
6186161196,2026-03-25T15:35,37.247952,-121.936472,California
6320438992,2026-03-18T15:24:18,33.985587,-118.367797,California
6320771553,2026-03-12T09:31:52,33.990547,-118.378762,California
6321091414,2026-03-10T15:49:41,34.081608,-118.145639,California
6352507782,2026-03-18T15:53:19,37.349113,-121.934687,California
6352619817,2026-03-18T15:49:32,37.348992,-121.934875,California
6352670584,2026-03-18T15:50:35,37.349045,-121.934813,California
6353344385,2026-03-20T16:30:24,37.349045,-121.934845,California
6400732754,2026-03-18T15:50:19,37.349033,-121.93483,California
6188219539,2026-04-02T11:32,37.247952,-121.936472,California
6195821350,2026-04-08T15:48:28,34.094603,-118.512184,California
6235916564,2026-04-14T13:20:59,34.163773,-118.273118,California
6273603764,2026-04-04T09:09,37.247952,-121.936472,California
6320367426,2026-04-25T14:04:50,34.0785,-118.475022,California
6320428975,2026-04-07T09:15:21,33.969925,-118.415712,California
6320615551,2026-04-02T08:44:32,34.153161,-118.269517,California
6321059694,2026-04-06T10:49,33.839809,-118.385369,California
6321127036,2026-04-30T17:14:49,33.988579,-118.117165,California
6400357709,2026-04-24T09:26,33.804996,-118.117665,California
6320333780,2026-05-10T17:53:59,37.323539,-121.947625,California
6320412003,2026-05-08T10:12:40,33.885278,-118.093177,California
6320962579,2026-05-03T11:34:42,34.152519,-118.361136,California
6320997327,2026-05-11T18:16:10,34.044722,-118.172958,California
6399575509,2026-05-05T09:23:18,33.976872,-117.427208,California
6413567459,2026-05-26T17:02:15,34.180103,-118.331,California
6452664777,2026-05-15T13:07,37.327182,-121.926146,California
6413584010,2026-06-21T20:35,34.192677,-118.340228,California
6422651515,2026-06-28T10:49:07,34.17447,-118.473595,California
6430810326,2026-06-03T17:39:30,34.138024,-117.573759,California
6430834672,2026-06-27T10:32:45,34.167904,-118.111874,California
6431637984,2026-06-28T10:54:29,34.174929,-118.474221,California
6431530884,2026-07-03T15:42,33.898431,-117.507303,California
6451572712,2026-07-15T10:36:03,34.094464,-118.158313,California
6452009461,2026-07-15T19:08:52,34.188153,-118.188178,California
5063367601,2025-01-24T10:32:13,33.785308,-118.10043,California
5063470968,2025-01-26T14:23:26,38.460164,-123.142881,California
5063560101,2025-01-30T14:27:27,33.847646,-118.369275,California
5063835319,2025-02-02T15:36:36,34.181453,-118.497292,California
5063878233,2025-02-08T14:09:09,34.065067,-118.237495,California
5064135327,2025-02-11T12:29:19,33.971961,-118.346818,California
5070014012,2025-02-15T11:34,34.109389,-118.27037,California
5076914253,2025-02-19T17:26:48,34.123489,-118.062486,California
5077102323,2025-02-23T12:48:52,34.097631,-118.18232,California
5087174800,2025-02-22T10:35:55,33.964119,-117.922967,California
5087276073,2025-02-26T13:23:23,34.047506,-117.844078,California
5087597374,2025-03-07T17:00:41,37.513086,-122.04238,California
5087725851,2025-03-09T10:05:18,33.706937,-118.288247,California
5087755960,2025-03-09T16:27:24,34.072539,-118.451504,California
5087866876,2025-03-09T14:27,37.569603,-122.042892,California
5088170600,2025-03-18T13:34:05,33.98913,-118.398505,California
5108169693,2025-03-17T14:02:12,34.093536,-118.073902,California
5108218653,2025-03-26T12:52:53,33.908292,-118.138921,California
5108541353,2025-03-30T17:04,34.150578,-117.854989,California
5215925562,2025-03-28T15:03:18,34.143439,-118.052122,California
5216576569,2025-03-19T13:45:14,33.834438,-118.13623,California
5216597557,2025-03-26T16:09:53,34.187601,-118.428908,California
5281916483,2025-03-16T17:17:55,34.19281,-118.572372,California
6320595962,2025-03-29T08:38:25,33.784049,-118.125002,California
5133919140,2025-04-03T11:39:58,33.81065,-117.9179,California
5134047304,2025-04-03T15:44:10,33.803445,-118.041511,California
5134083355,2025-04-17T14:00:48,33.859316,-118.268516,California
5140121749,2025-04-23T17:00:51,33.985538,-118.367858,California
5140425080,2025-04-25T16:01:47,34.163439,-118.360028,California
5140451692,2025-04-25T12:39:47,34.016364,-118.28807,California
5141014902,2025-04-22T16:13:58,34.130325,-118.217828,California
5153026677,2025-04-23T15:08:50,34.114769,-118.061128,California
5153432799,2025-04-17T13:51:08,33.703014,-118.008589,California
5167320611,2025-04-27T11:16:01,33.969168,-118.423524,California
5215748584,2025-04-20T11:31:13,33.988937,-118.402922,California
5215891576,2025-04-21T10:33:28,33.79753,-118.100914,California
5217012592,2025-04-25T20:41,34.153973,-118.145727,California
5217234614,2025-04-20T09:47:36,34.025782,-118.155071,California
5760396990,2025-04-29T13:43:16,34.114193,-118.277548,California
5890030626,2025-04-25T09:30:54,34.016717,-118.288422,California
6274311671,2025-04-28T13:26:22,37.495647,-121.959095,California
6320218357,2025-04-17T16:04:06,33.92011,-118.08122,California
6321157616,2025-04-08T12:28:44,34.189571,-118.23022,California
5153115892,2025-05-02T12:27:07,34.198001,-118.261017,California
5153342737,2025-05-04T13:39,34.282728,-118.528517,California
5154496031,2025-05-01T14:04,33.898452,-117.507198,California
5154580539,2025-05-11T09:28:24,33.614027,-118.216824,California
5154728622,2025-05-05T19:40,33.898505,-117.507347,California
5154729929,2025-05-10T17:12,33.898512,-117.507196,California
5154838215,2025-05-06T11:29,33.898461,-117.507366,California
5166797838,2025-05-06T14:37:09,33.905659,-118.090344,California
5167087678,2025-05-19T12:49:24,34.072728,-118.44993,California
5168199988,2025-05-21T12:42:45,34.109175,-118.153686,California
5168522396,2025-05-26T10:57:28,33.852178,-118.397445,California
5176396536,2025-05-28T08:50:43,34.040757,-118.319348,California
5176482326,2025-05-28T14:05:44,33.815233,-117.922073,California
5177060700,2025-05-30T12:33:14,34.05517,-118.271745,California
5187816427,2025-05-31T12:37:12,33.877065,-118.242616,California
5187887744,2025-05-31T17:48:45,37.554254,-121.941764,California
5206019559,2025-05-25T13:57:33,34.288479,-118.374214,California
5217238853,2025-05-19T18:00,34.195056,-118.222739,California
5231343662,2025-05-05T23:25,33.886564,-118.099184,California
5177302313,2025-06-02T17:06:50,34.065825,-118.233513,California
5206044315,2025-06-21T14:11:04,34.144056,-118.098992,California
5206058378,2025-06-21T16:25:35,33.836917,-118.169662,California
5206457607,2025-06-11T18:16:50,34.106175,-117.907355,California
5206681462,2025-06-21T13:58,33.929924,-117.965753,California
5206723675,2025-06-17T13:56:50,34.044003,-117.807938,California
5216579632,2025-06-28T11:58:27,33.97817,-117.577055,California
5216874095,2025-06-25T15:38:07,33.924438,-118.372612,California
5229973855,2025-06-28T16:04:20,33.73209,-117.866066,California
5230224833,2025-06-28T16:34,33.898476,-117.507158,California
6414054933,2025-06-28T16:04,33.732007,-117.866188,California
5229952902,2025-07-02T09:19:15,34.287864,-118.377414,California
5230379249,2025-07-15T16:26:17,34.126672,-118.2099,California
5238084644,2025-07-27T13:43:06,34.261448,-118.527978,California
5281794200,2025-07-21T11:10:21,34.152922,-118.41668,California
5291940011,2025-08-13T12:19:55,33.723758,-118.313203,California
5292365700,2025-08-05T18:36:27,34.023072,-118.050362,California
5292716645,2025-08-07T14:10:58,34.016117,-118.286737,California
5292770717,2025-08-15T15:40:59,34.066701,-118.441557,California
5759924867,2025-08-17T11:46:33,33.839972,-118.109436,California
5761037998,2025-08-31T08:40:26,34.090396,-117.783897,California
5761203369,2025-08-30T12:45:08,33.867625,-118.217628,California
5827534636,2025-09-11T14:28:49,37.225983,-121.871674,California
5827544662,2025-09-14T16:04:27,34.287922,-118.377294,California
5827703130,2025-09-05T10:22:52,37.39426,-121.945848,California
5828152148,2025-09-12T19:04:59,37.264352,-121.862267,California
5828513819,2025-09-13T13:47:40,34.147289,-118.144539,California
5828591643,2025-09-14T11:09:52,34.179694,-118.472301,California
5830393400,2025-09-13T14:21:05,37.375064,-121.986316,California
5837685592,2025-09-26T12:06:47,37.330453,-121.857522,California
5838055326,2025-09-28T16:48:54,34.062983,-117.831588,California
5838073831,2025-09-26T11:37:32,37.23837,-121.806555,California
5838186328,2025-09-27T12:38:39,33.71133,-118.060889,California
5838273323,2025-09-27T09:24,37.205945,-121.80713,California
5838368559,2025-09-05T15:38,37.306056,-121.901306,California
6422545349,2025-09-26T15:31:30,34.041592,-118.252659,California
5839949660,2025-10-02T08:51:49,33.675822,-118.021057,California
5840162870,2025-10-02T12:39:16,37.234157,-121.799957,California
5840517876,2025-10-03T12:24:10,37.356712,-121.85978,California
5843970239,2025-10-11T09:53,34.15604,-118.565438,California
5844135014,2025-10-10T16:27:13,34.275751,-118.487583,California
5844452658,2025-10-12T14:17:33,33.903453,-118.125511,California
5867923887,2025-10-18T17:37:50,33.751403,-118.083784,California
5889510141,2025-10-27T12:03:38,33.785242,-118.100518,California
5889886278,2025-10-29T15:39:05,34.163948,-118.339656,California
5890384283,2025-10-20T12:07,33.895904,-118.22439,California
5890390925,2025-10-31T11:29:07,33.891503,-118.122794,California
5892914294,2025-10-14,34.146723,-117.57086,California
5893014098,2025-10-19T17:18:18,34.170962,-118.069058,California
5897411074,2025-10-13T15:02:23,34.076072,-118.44123,California
6320342354,2025-10-28T16:18,34.109601,-118.157541,California
5889496282,2025-11-02T10:21:08,34.151108,-118.332863,California
5889507054,2025-11-01T16:14:39,34.063961,-118.372147,California
5890389138,2025-11-01T14:37:27,33.725459,-118.045403,California
5892484186,2025-11-04T15:44:05,34.108072,-118.251358,California
5897135727,2025-11-16T13:31:57,33.891537,-118.122758,California
5897601403,2025-11-13T14:03:30,34.172867,-117.99109,California
5897685355,2025-11-10T15:12:19,34.04152,-118.08661,California
5903792110,2025-11-20T14:41,37.342608,-121.91912,California
5903944473,2025-11-17T15:02:22,33.771033,-117.783817,California
5904019587,2025-11-22T12:45:56,33.731278,-118.072236,California
5920224318,2025-11-13T09:20:58,33.917297,-118.157111,California
6130374136,2025-11-27T14:29:37,37.342288,-121.8694,California
5920439140,2025-12-06T09:25:12,37.337387,-121.826752,California
5935330722,2025-12-18T13:24:40,34.057336,-118.248092,California
5935337024,2025-12-21T14:07:27,34.035197,-118.082869,California
5935532372,2025-12-21T15:00,34.055611,-118.233228,California
5935735760,2025-12-28T11:26:47,34.104822,-117.727999,California
5936173853,2025-12-19T12:02:35,37.328291,-121.882686,California
5936274627,2025-12-21T10:41:02,33.887128,-118.109497,California
5936274990,2025-12-23T14:03:35,37.294422,-121.91356,California
5936356494,2025-12-17T16:21:53,33.943023,-118.349294,California
4510113597,2024-01-02T12:26:37,34.017322,-118.289008,California
4512275798,2024-01-10T11:14:18,34.157022,-118.138767,California
4512290747,2024-01-12T12:25:30,34.054736,-118.272567,California
4516321137,2024-01-13T13:10:22,34.126659,-118.116456,California
4516861451,2024-01-27T17:11:10,33.711959,-118.285497,California
4519035386,2024-01-27T14:01:25,34.065811,-118.233553,California
4522596067,2024-02-08T11:25:26,33.711278,-118.285522,California
4525133021,2024-02-15T14:24:12,34.12455,-118.219753,California
4525304571,2024-02-17T10:39:05,33.860304,-118.100319,California
4528260904,2024-02-22T14:00:05,34.237458,-118.52555,California
4535858240,2024-02-25T19:45:30,34.110079,-117.879584,California
4600015412,2024-02-24T15:25:31,34.119939,-118.168738,California
4600151956,2024-02-16T11:37:36,34.145581,-118.245505,California
4596923591,2024-03-04T09:52:17,33.7526,-118.207334,California
4596980634,2024-03-10T11:49:56,34.079697,-117.963455,California
4597362884,2024-03-08T12:48:53,34.140888,-118.113395,California
4597413716,2024-03-10T21:40,34.059377,-118.294589,California
4597424440,2024-03-10T11:13:04,34.145181,-118.136742,California
4597567420,2024-03-12T12:58:45,34.057411,-118.154847,California
4599875094,2024-03-26T13:34:31,34.131155,-118.10328,California
4599993333,2024-03-24T13:54:10,33.815637,-118.158111,California
4600009997,2024-03-07T12:34:10,33.949812,-118.184375,California
4600173687,2024-03-22T14:43:12,34.094481,-118.24173,California
4606990934,2024-03-28T15:03:59,33.652721,-118.36157,California
4607475375,2024-03-28T13:39:08,34.017578,-118.288375,California
4607637433,2024-04-07T15:00:57,33.932679,-117.95885,California
4846811006,2024-04-02T10:06:15,33.879442,-118.142079,California
4847162720,2024-04-12T17:32:42,34.136314,-117.979583,California
4851810548,2024-04-23T13:24:38,34.017097,-118.289008,California
4851890877,2024-04-16T15:18:11,34.122478,-118.183962,California
4851964617,2024-04-21T17:28:24,33.830616,-118.311249,California
4852304967,2024-04-21T15:40:48,34.018836,-118.153629,California
4853077074,2024-04-28T08:38,34.014741,-118.380507,California
4855568469,2024-04-23T12:37:20,34.31247,-118.472008,California
4900939967,2024-04-10T17:49:20,34.119884,-117.554212,California
4855485949,2024-05-06T08:29:01,34.109375,-117.608353,California
4855524133,2024-05-04T13:45,34.099073,-117.81475,California
4868102098,2024-05-15T11:52:15,34.015767,-118.317955,California
4875156485,2024-05-29T12:27:31,34.125672,-118.098839,California
5036692696,2024-05-22T09:28:13,34.112094,-117.954472,California
4875014530,2024-06-02T18:27:26,34.077826,-118.354344,California
4875442789,2024-06-02T14:43,34.136261,-117.718844,California
4901199482,2024-06-19T09:05:14,34.067874,-118.347822,California
4901703583,2024-06-19T18:42:58,34.012731,-118.28405,California
4901858235,2024-06-12T23:59:43,34.093242,-118.27395,California
4902035310,2024-06-05T13:11:05,34.193653,-118.4943,California
5828677362,2024-06-06T12:00:36,33.758634,-118.138123,California
4926378837,2024-07-30T22:00:35,34.126627,-118.209919,California
4923738438,2024-08-08T16:02:46,34.070593,-118.173662,California
4926027442,2024-08-15T12:42:13,34.147247,-118.248812,California
5037201162,2024-08-21T12:19:47,34.066679,-117.789527,California
4945891787,2024-09-13T13:50:39,33.817028,-117.817522,California
4950369718,2024-09-20T12:48,37.430033,-121.980362,California
4950465489,2024-09-21T12:14:35,33.785246,-118.100335,California
4952319304,2024-09-30T16:41:58,34.07384,-118.454843,California
4952243453,2024-10-05T12:06,33.913473,-118.302574,California
4974014600,2024-10-18T13:30:32,34.238836,-118.526256,California
4976198442,2024-10-27T14:15:39,34.202587,-118.149955,California
4976326601,2024-10-25T16:58:05,34.067128,-118.468103,California
5087681227,2024-10-13T16:59:40,37.554547,-121.953963,California
4982034581,2024-11-13T10:03,34.271732,-118.318619,California
4982172094,2024-11-16T12:07:48,34.068267,-118.231195,California
5007371679,2024-11-21T16:21:45,33.949769,-118.184484,California
4994412451,2024-12-07T12:07,34.136777,-117.763723,California
5006722633,2024-12-14T08:10:03,34.180083,-118.331087,California
5036796827,2024-12-21T15:52:04,33.980761,-118.137238,California
4018099895,2023-01-11T11:17:01,34.179413,-118.379053,California
4028902459,2023-01-13T12:18:37,34.071203,-118.150987,California
4029263410,2023-02-02T13:30:34,34.104938,-118.211768,California
4067660819,2023-02-17T13:46,34.017724,-118.288372,California
4054757254,2023-03-07T09:52:39,34.069645,-118.300562,California
4054940999,2023-03-04T17:30:12,34.089967,-118.23544,California
4075770203,2023-03-23T13:55:48,34.03076,-118.467517,California
4075818808,2023-03-27T13:01:40,33.988827,-118.380525,California
4075970994,2023-03-29T07:19:30,34.130918,-117.639816,California
4076123367,2023-03-30T13:55:48,34.102039,-118.222405,California
4080545052,2023-04-07T12:09:22,34.069845,-118.444281,California
4080950627,2023-04-04T15:34:42,34.016785,-118.289299,California
4080956006,2023-04-07T15:37:32,33.79203,-118.154022,California
4091590481,2023-04-16T10:48:53,34.155392,-118.156017,California
4091800247,2023-04-15T14:31:25,34.158586,-118.121418,California
4091842324,2023-04-16T06:52:18,34.103247,-118.33947,California
4091889566,2023-04-07T15:36:43,33.791985,-118.153839,California
4096498173,2023-04-21T13:26:29,34.058554,-118.20297,California
4102565778,2023-04-26T10:20,33.87162,-117.71545,California
4102659283,2023-04-28T17:47:57,33.782654,-118.10849,California
4102664692,2023-04-25T09:46:33,33.912764,-118.305986,California
4102917510,2023-04-29T10:08:07,34.14267,-117.957253,California
4103455541,2023-04-30T17:08,34.03251,-118.169148,California
4112168109,2023-04-13T11:35,33.868055,-118.317775,California
4116140627,2023-04-08T17:36:50,34.069812,-117.731701,California
5062529274,2023-04-01T14:31:06,33.762508,-117.964562,California
4103046533,2023-05-01T08:14,33.712028,-118.285542,California
4111604931,2023-05-03T09:31:37,34.010506,-118.42997,California
4121028148,2023-05-18T13:28:41,33.910703,-118.42437,California
4121111152,2023-05-17T14:53:44,34.100078,-117.772347,California
4121332195,2023-05-20T10:14:18,34.111617,-118.155914,California
4121477557,2023-05-23T09:38:29,34.111611,-118.155792,California
4126928155,2023-05-24T12:28,33.826597,-118.342688,California
4126935273,2023-05-27T09:37:58,33.948656,-118.177861,California
4126960084,2023-05-24T08:50,33.898456,-117.507169,California
4126976390,2023-05-24T15:53:45,33.768147,-118.147484,California
4127255637,2023-05-25T17:29:40,33.825425,-118.236222,California
4129816125,2023-05-31T12:41:52,33.921137,-118.330795,California
4129948203,2023-05-24T14:37,33.826713,-118.342373,California
4430913487,2023-05-26T16:00:13,33.816165,-118.151252,California
4937143535,2023-05-26T11:21,34.274445,-118.33161,California
4133820870,2023-06-10T10:57:12,33.772243,-118.327019,California
4133938040,2023-06-10T14:11:39,34.104753,-117.704812,California
4133944528,2023-06-10T06:17,33.89841,-117.507049,California
4171530107,2023-07-27T15:45:47,33.874904,-117.969487,California
4171919461,2023-08-04T12:06,34.110137,-118.074759,California
4172105142,2023-08-01T21:02,34.35391,-118.388374,California
4172322858,2023-08-05T17:02:45,33.774497,-118.420845,California
4177342878,2023-08-10T18:51:49,34.066864,-117.790001,California
4405446314,2023-08-23T17:53:47,34.061,-118.445572,California
4937113714,2023-08-17T11:13,34.154114,-118.290122,California
4414235255,2023-09-11T11:08:13,33.939747,-118.045949,California
4414260096,2023-09-17T16:19:26,33.988087,-117.71717,California
4417061325,2023-09-22T07:36:29,34.389977,-118.593134,California
4417142503,2023-09-21T11:35:54,33.736324,-118.308876,California
4421213019,2023-09-30T13:48:17,33.810129,-118.31372,California
4421273847,2023-09-29T16:54:03,34.132611,-118.254439,California
4458368185,2023-09-28T13:04:35,34.016703,-118.287664,California
4430766634,2023-10-21T13:29:43,33.785828,-118.067711,California
4436214142,2023-10-26T16:41:20,34.123231,-117.609863,California
4436429593,2023-10-29T10:52:12,34.147579,-118.301024,California
4438963073,2023-11-05,34.146451,-118.15923,California
4440704104,2023-11-14T13:53:50,34.016956,-118.288063,California
4440797737,2023-11-13T15:32:35,33.976833,-118.325937,California
4442554384,2023-11-21T09:21:01,33.950442,-118.175278,California
4442654542,2023-11-20T14:13,34.184629,-118.11343,California
4453740288,2023-11-25T12:27,33.887264,-117.883265,California
6320326834,2023-11-01T13:27:42,34.139789,-118.126792,California
4458457792,2023-12-01T15:14,34.041582,-118.450702,California
4500811814,2023-12-12T13:05:22,33.970933,-117.326295,California
4507704358,2023-12-22T15:55:50,34.112975,-118.174575,California
4516341489,2023-12-02T09:48:16,34.140412,-118.276793,California
3455952149,2022-01-19T11:37,33.945823,-118.444479,California
3457095975,2022-01-14T10:42:44,33.988862,-118.403153,California
3466186829,2022-01-29T11:23:14,34.026041,-118.382339,California
3466314506,2022-01-26T14:11:44Z,34.113645,-118.236113,California
3712700503,2022-01-28T17:17:43,33.631662,-118.195083,California
3468769109,2022-02-08T11:03,33.89365,-118.060607,California
3468787607,2022-02-04T15:07:34Z,34.134841,-118.099171,California
3468982617,2022-02-04T11:32:25,34.19272,-118.520897,California
3499574713,2022-02-11T15:55,34.144672,-118.148375,California
3499587688,2022-02-04T15:35,34.145401,-118.15004,California
3698054848,2022-02-02T12:34:24,34.057679,-117.692412,California
3747297897,2022-02-25T17:41:08,34.166297,-118.308588,California
3705786164,2022-03-01T12:24:01,33.806988,-118.179808,California
3705796223,2022-03-02T11:58:45,34.110082,-117.713258,California
3743041994,2022-03-14T16:32Z,34.194683,-118.176755,California
3759503954,2022-03-23T11:16:36,34.103957,-118.14272,California
3760269754,2022-03-26T13:03:15,34.164117,-118.272201,California
3902761132,2022-03-29T12:25:13,33.970797,-118.040176,California
4011660274,2022-03-30T11:29,34.081974,-118.238214,California
4075677606,2022-03-10T10:15:50,34.129753,-117.668358,California
4952471102,2022-03-24T15:08:54,34.160556,-118.059569,California
3759535007,2022-04-06T14:34:26,34.097947,-118.236375,California
3759787446,2022-04-09T19:17:14,34.050626,-118.215422,California
3760286639,2022-04-11T16:26:43,34.098358,-118.208528,California
3760379752,2022-04-20T08:16,34.177157,-118.097191,California
3764345613,2022-04-22T17:37:50,34.107039,-118.251155,California
3764365750,2022-04-23T12:00,33.962946,-118.353889,California
3773273969,2022-05-10T13:49:47,34.010554,-118.429981,California
3785083848,2022-05-14T20:02,34.160204,-118.111641,California
3802638930,2022-05-23T11:04:52,33.713425,-118.285713,California
3858344333,2022-05-27T14:24:24,33.769099,-118.119332,California
3902812378,2022-05-17T13:25:18,34.066925,-117.911713,California
3858534570,2022-06-04T15:31:13,33.84058,-118.055289,California
3860491547,2022-06-12T07:29,33.898494,-117.507258,California
3873512756,2022-06-29T18:24:36,34.149484,-118.089119,California
4076224679,2022-06-04T16:57:15,33.829099,-118.145269,California
4935977471,2022-06-03T11:34,34.174379,-118.472383,California
3872976172,2022-07-13T13:07:05,34.065103,-118.343628,California
3873794920,2022-07-10T17:06:25,34.104186,-118.33368,California
3881756993,2022-07-28T15:02:07,34.077695,-118.323938,California
3902139298,2022-07-19T18:13:35,34.043808,-117.649284,California
4096988805,2022-07-27T12:28:09,34.066136,-118.443322,California
3881925428,2022-08-02T12:22:06,33.790527,-117.810051,California
3888883952,2022-08-04T18:01:02,34.095737,-118.343721,California
3889115742,2022-08-04T11:38:38,34.013889,-118.376572,California
3889147271,2022-08-08T21:32:12,34.186394,-118.27599,California
3892486317,2022-08-16T13:30:02,34.024117,-118.402522,California
3892670009,2022-08-13T16:28,33.898542,-117.507156,California
3902800247,2022-08-20T13:05:13,33.988137,-117.717103,California
3903423930,2022-08-25T19:10:26,33.897342,-117.597236,California
3966682508,2022-08-29T19:34:46,34.091581,-118.289214,California
4054856716,2022-08-16T15:42,33.891393,-117.996069,California
4936475429,2022-08-03T18:14,34.090126,-118.59784,California
3912314236,2022-09-14T16:01:58,34.020141,-118.2808,California
3912347804,2022-09-16T17:15,34.124864,-118.208619,California
3912386572,2022-09-16T17:15,34.124891,-118.208643,California
3912479716,2022-09-16T17:15,34.124887,-118.208656,California
3915270175,2022-09-26T14:07:48,34.100094,-117.772209,California
3915563749,2022-09-26T14:08:27,34.100128,-117.772377,California
3923457102,2022-09-30T12:48:35,33.75548,-118.100311,California
3923550052,2022-09-27T17:25,34.16033,-118.558936,California
3985773778,2022-09-15T13:46:07,34.126068,-117.871605,California
4080850591,2022-09-25T14:42:49,34.225661,-118.247361,California
4430952137,2022-09-14T16:12:36,34.312171,-118.450629,California
5153014447,2022-09-14T12:40:53,33.923906,-118.39101,California
3925182877,2022-10-05T15:38:49,33.766074,-118.13119,California
3947330305,2022-10-18T15:50,34.110424,-118.489454,California
3961118057,2022-10-28T12:28:45,34.139745,-118.132575,California
3961136679,2022-10-21T09:35:10,34.069528,-118.300637,California
3988541047,2022-12-03T13:41,34.107145,-117.942153,California
4006727827,2022-12-15T13:20:17,34.12772,-118.111222,California
3031701838,2021-01-13T15:38:28,34.093331,-118.27365,California
3031711118,2021-01-18T11:59:31,34.126873,-118.060664,California
3032049051,2021-01-16T13:26:30,34.020892,-118.51324,California
3039258179,2021-01-30T14:16,34.184098,-118.38845,California
3039317610,2021-01-28T17:27,33.933618,-117.950601,California
3068072458,2021-01-10T16:20:23,34.046846,-118.299927,California
3090788982,2021-01-16T09:23,34.064194,-118.200553,California
3039229337,2021-02-02T22:13:52,34.076818,-118.358289,California
3039235315,2021-02-02T12:24,34.119333,-118.290111,California
3039311299,2021-02-02T12:09,34.1468,-118.354124,California
3039340840,2021-02-05T16:51,34.040288,-118.212673,California
3039342838,2021-02-07T17:17,34.046265,-118.411957,California
3039415713,2021-02-05T14:40:35Z,34.01223,-118.311377,California
3044624147,2021-02-14T12:17:30,34.187571,-118.06074,California
3044694197,2021-02-24T11:04:34Z,33.923495,-118.321898,California
3044710691,2021-02-19T08:54,34.08416,-118.237403,California
3058804889,2021-02-25T23:47:38Z,34.024595,-118.153541,California
3067779510,2021-02-27T08:07,34.09223,-118.148129,California
3113398467,2021-02-16T09:23,33.865806,-118.293589,California
3355155417,2021-02-11T18:44,34.034305,-118.296991,California
4011980367,2021-02-19T08:54,34.08416,-118.237403,California
3061686940,2021-03-14T11:47:50,33.75365,-118.309097,California
3067740799,2021-03-20T12:22Z,34.123086,-118.183458,California
3067746701,2021-03-07T14:21:04Z,34.128963,-118.215983,California
3067859528,2021-03-09T11:04:22,33.774722,-118.119744,California
3070435313,2021-03-24T13:24:24,33.992467,-118.274626,California
3070637794,2021-03-27T17:44:42,34.126972,-118.25872,California
3090781968,2021-03-12T13:54,34.11323,-118.051676,California
3070380996,2021-04-01T09:29:11,33.795982,-118.348095,California
3079713393,2021-04-01T17:02:38,34.201,-118.123955,California
3090658567,2021-04-11T13:00,34.068113,-118.037343,California
3090743454,2021-04-11T10:23:25,34.082475,-118.391697,California
3090746506,2021-04-11T18:39:13,33.976495,-118.45847,California
3090895013,2021-04-13T13:55:14,33.920597,-118.128708,California
3097071873,2021-04-12T13:03:07,33.864392,-118.397117,California
3097191495,2021-04-21T11:31:10,34.147506,-117.501428,California
3108979593,2021-04-23T15:36:56,34.00102,-118.118195,California
3109066969,2021-04-25T13:57:26,33.717431,-118.307857,California
3109242503,2021-04-28T18:17:33,34.079346,-118.147505,California
3109343652,2021-04-29T17:21,34.096676,-117.719778,California
3112335830,2021-04-30T17:54,34.003492,-118.583906,California
3112390757,2021-04-30T14:48:26,34.03432,-118.045032,California
3698138520,2021-04-18T11:56,34.222013,-118.152062,California
3773672767,2021-04-24T16:14:10,34.010914,-117.744453,California
3112855517,2021-05-04T17:58:22,34.156672,-117.999397,California
3112910469,2021-05-04T07:38:07,34.011201,-118.389288,California
3113488690,2021-05-10T16:03,33.984444,-118.097983,California
3113652895,2021-05-13T14:39:53,34.039138,-118.218913,California
3118237699,2021-05-19T13:44,34.006768,-118.398692,California
3118303587,2021-05-19T17:03,34.25046,-118.433834,California
3118329279,2021-05-17T16:17:09,33.988862,-118.40307,California
3124653651,2021-05-24T18:18:43,34.129599,-118.216569,California
3124715182,2021-05-27T17:04:23,34.211872,-118.204208,California
3301962189,2021-05-08T13:27:54,34.194351,-117.97477,California
3302302529,2021-05-02T14:23,33.978442,-117.728623,California
3302469894,2021-05-30T13:55:58,34.24876,-118.550926,California
3302493967,2021-05-27,34.077539,-118.255715,California
3302380201,2021-06-09T16:47:23,34.12772,-118.0812,California
3302437506,2021-06-01T15:00:26,33.810052,-118.119714,California
3327949266,2021-07-12T15:01:15,34.160344,-118.404383,California
3333085864,2021-07-24T13:32:08,33.770615,-118.190497,California
3335386700,2021-07-30T09:25:25,34.187039,-118.381256,California
3698149434,2021-07-18T15:51:07,33.713742,-117.982348,California
3337554815,2021-08-19T15:38:25,33.920025,-118.396547,California
3337843866,2021-08-05T13:04:33,33.882105,-118.30767,California
3337938422,2021-08-11T15:16:42,34.135153,-118.341996,California
3344076708,2021-08-24T11:52:18,34.150595,-118.59039,California
3408234509,2021-08-09T14:53:44,34.296944,-118.028611,California
3698384382,2021-08-26T13:34:55,33.973386,-118.218364,California
3902069991,2021-08-31T16:59:20,34.055217,-118.291922,California
3355414964,2021-09-05T15:21:07,34.139333,-118.149504,California
3355558035,2021-09-05T12:29:45,34.139465,-118.149303,California
3384181544,2021-09-11T16:07:49,33.71642,-118.054894,California
3384500838,2021-09-30T13:06:51,34.024653,-118.153481,California
3384560677,2021-09-27T16:53:30,34.093139,-118.273987,California
3384844365,2021-09-18T10:53:16,33.703549,-117.907512,California
3385196756,2021-09-29T17:08:47,34.114037,-118.275703,California
3407942553,2021-09-27T16:47:16,34.099697,-117.710953,California
3391662201,2021-10-13T11:26:25,34.113689,-118.236083,California
3398677017,2021-10-09T10:33Z,34.096093,-118.4175,California
3398696001,2021-10-14T16:51:01,34.054917,-118.272522,California
3398827875,2021-10-23T13:05:08,33.898914,-118.316478,California
3407936773,2021-10-27T16:33:34,34.087199,-118.326813,California
3408222985,2021-11-01T10:27:33,34.205226,-118.379861,California
4935902119,2021-11-06T13:58,33.914382,-117.846357,California
3455488628,2021-12-19T15:08:58,34.099778,-118.221766,California
3455678033,2021-12-20T12:43:14,34.221266,-118.263239,California
3456558629,2021-12-07T15:24:56,34.145889,-118.112839,California
3456776181,2021-12-11T15:14:26,33.832335,-118.021974,California
2574089975,2020-01-30T11:15:28,33.808533,-118.0858,California
2573992710,2020-02-20T14:12:17,34.195006,-118.597831,California
2574214461,2020-02-16T16:28:23,33.993019,-118.477844,California
2576288705,2020-02-28T10:45:36,33.960624,-117.898753,California
2579234123,2020-03-08T13:02:58,33.743813,-117.972655,California
2579252521,2020-03-11T11:07:06,34.229859,-118.591364,California
2579278380,2020-03-09T16:09:37,34.000722,-118.396438,California
2596180276,2020-03-21T10:21:10,33.8092,-118.113633,California
2596227621,2020-03-21T10:21:12,33.8092,-118.113633,California
2596453546,2020-03-28T12:34:32,34.288891,-118.486568,California
2597879366,2020-03-31T14:08:47,33.817953,-118.168648,California
2596428183,2020-04-01T12:24:58,34.041976,-118.315887,California
2597691344,2020-04-04T16:40:17,34.095706,-117.614717,California
2597889604,2020-04-06T17:16,34.124367,-118.23473,California
2603515427,2020-04-14T14:18,34.07874,-118.025989,California
2609264102,2020-04-20T16:23:42,34.037831,-117.712058,California
2611051746,2020-04-26T13:41:38,33.829188,-118.456482,California
2626107083,2020-05-12T13:28:29,33.827718,-118.10474,California
2626204221,2020-05-06T14:26,34.107867,-118.436039,California
2626387029,2020-05-11T11:14:24,33.968588,-118.318889,California
2626567760,2020-05-16T15:10:59,34.1562,-118.45907,California
2634045200,2020-05-28T17:12:06,34.024658,-118.153434,California
2634154964,2020-05-26T11:56,34.054152,-118.010594,California
2641384547,2020-06-08T11:30:54,34.021197,-118.496675,California
2641419085,2020-06-07T13:51:46,33.715154,-118.016325,California
2641428494,2020-06-09T17:21:35,34.100978,-117.588365,California
2641490809,2020-06-05T18:07:06,34.111653,-118.15583,California
2802645200,2020-06-17T12:13:29,34.128255,-118.301184,California
2803001212,2020-06-15T21:23,33.858372,-117.784506,California
2803018828,2020-06-19T11:35:07,34.287922,-118.39974,California
2814103129,2020-06-25T17:30:05,33.923709,-118.416211,California
2823108275,2020-07-20T17:17:45,33.999495,-118.013213,California
2823321276,2020-07-20T14:20,33.858372,-117.784506,California
2823331722,2020-07-17T17:29:29,34.109922,-118.063712,California
2992749047,2020-07-18T13:13:35,33.91473,-117.886055,California
2850991104,2020-08-03T13:53:09,33.748742,-118.407112,California
2856475922,2020-08-23T16:47:45Z,34.018008,-118.457092,California
2860164839,2020-08-12T08:17,33.865806,-118.293589,California
3031580914,2020-08-18T11:51:53,34.319863,-118.445714,California
2868137914,2020-09-18T16:32:22,34.080501,-118.222819,California
2868353089,2020-09-21T14:12:19,34.029445,-118.383125,California
2868363633,2020-09-24T17:08:07,34.18726,-118.381256,California
2873870091,2020-09-26T17:45,33.865806,-118.293589,California
2873943477,2020-09-30T17:50:45,34.06263,-118.479286,California
2873944697,2020-09-24T08:27,33.865806,-118.293589,California
2873984620,2020-09-26T12:42,34.110696,-118.137834,California
2883142241,2020-09-26T15:25:33,34.108855,-118.154276,California
3070308226,2020-09-08T09:55,33.973219,-118.347746,California
2882971571,2020-10-03T11:45:05,34.060837,-118.403672,California
2898399687,2020-10-09T16:15,33.865806,-118.293589,California
2901675817,2020-10-17T17:12:50,34.200501,-118.12227,California
3017987818,2020-11-11T12:21:44,33.992853,-118.164139,California
3067744333,2020-11-20T11:36,34.146515,-118.217066,California
4076235447,2020-11-15T19:36:15,34.114154,-117.732974,California
2999052185,2020-12-10T11:24:46Z,34.147147,-117.503197,California
2999161970,2020-12-07T11:54:49,33.81247,-118.052711,California
3455237780,2020-12-09T09:49:52,33.960575,-118.446633,California
2013703287,2019-03-08T16:31:15,34.104522,-118.212563,California
2234737498,2019-03-14T14:00:02,34.023603,-118.417288,California
2234757164,2019-03-23T07:34:52,34.132931,-118.122758,California
2397629047,2019-03-12T17:22:36,34.233192,-118.311729,California
2429315828,2019-03-25T16:51,34.145211,-118.143814,California
2456508413,2019-03-25T16:47,34.145344,-118.143806,California
2237428320,2019-04-13T15:51:44,34.01151,-118.493169,California
2626627016,2019-04-26T18:37:30,34.11612,-118.150349,California
2311279172,2019-05-21T18:10:43,33.843521,-118.09848,California
3944898294,2019-05-03/2019-05-11,33.94,-118.23,California
2265879681,2019-06-11T13:00,34.205637,-118.779648,California
2269272650,2019-06-15T12:15:11,33.716147,-118.315475,California
2273242907,2019-06-21T18:30:31,34.034822,-118.496133,California
2283028299,2019-06-11T14:22:14,34.097325,-118.228797,California
2294555209,2019-07-17T17:52:22,34.082192,-118.376728,California
2311426473,2019-08-01T10:35,34.014117,-118.377285,California
2331918973,2019-08-04T17:35:14,34.197002,-118.214315,California
2397512260,2019-08-22T17:49:19,34.070988,-118.225578,California
2423069955,2019-09-14T14:09:20,33.849828,-117.998138,California
2521492295,2019-09-14T18:13Z,34.103077,-118.335556,California
3097021363,2019-09-11T17:39:32,33.977353,-118.220375,California
3902080343,2019-09-14T14:09:21,33.849828,-117.998138,California
2460052696,2019-11-17T16:19,33.856785,-117.814494,California
2460055540,2019-11-16T09:20,33.900835,-118.277852,California
2460100788,2019-11-16T12:10:12Z,34.117606,-118.142427,California
3070551726,2019-11-03T09:41:29,34.09596,-117.712786,California
2518008845,2019-12-10T16:27,34.110183,-118.074408,California
2518032095,2019-12-11T11:15:12,34.023639,-118.417328,California
2529290586,2019-12-14T13:41:51Z,34.102472,-118.383623,California
1805407052,2018-01-15T15:40,33.841894,-118.206535,California
1836570863,2018-03-03T11:44:13,33.968388,-117.876591,California
1837074021,2018-03-25T15:45,33.919937,-117.825242,California
1838332343,2018-04-14T14:43:33,34.146458,-118.115479,California
1841262497,2018-04-29T16:09:43,34.180205,-118.136322,California
2459990740,2018-04-27T09:18:27,34.202206,-118.375359,California
4177198306,2018-04-30T12:28:48,34.172344,-118.011122,California
1883501175,2018-05-25T14:56,33.80346,-117.920143,California
2459990458,2018-05-26T11:58:16,34.053759,-118.249568,California
2802923353,2018-05-22T12:11:35,33.988495,-117.700086,California
3067885313,2018-05-24T15:55,34.121322,-118.205842,California
1848794609,2018-06-01T12:43,34.064149,-118.356904,California
1850913634,2018-06-04T08:06,34.018475,-118.418366,California
1883479520,2018-06-18T17:46:06,34.063995,-118.395242,California
2901690181,2018-07-20T14:42,33.9311,-118.066039,California
2633997342,2018-09-12T13:46:36,33.888709,-118.585007,California
1932322422,2018-10-20T15:18,33.886878,-117.91828,California
1945445270,2018-11-18T12:00:02,34.134998,-118.167433,California
2242745023,2018-12-01T14:56:15,34.045219,-118.453316,California
2459993267,2018-12-16T12:46:16,34.136818,-118.422974,California
1562884432,2017-02-21T20:33,34.071265,-118.46179,California
1453517404,2017-03-16T19:18:52,34.083416,-118.351234,California
1457587187,2017-03-24T13:08,34.098408,-118.291469,California
1457639914,2017-04-12T14:39:43,34.148492,-118.147675,California
1500250763,2017-04-16T13:41:25,34.226389,-118.419521,California
1500257945,2017-04-17T07:48:24,34.068384,-118.442198,California
1500294567,2017-04-21T14:14:38,34.1988,-118.375503,California
2283353630,2017-04-16T14:14:13,34.194989,-118.472513,California
2460148205,2017-04-13T12:29,34.190663,-118.337383,California
2823250306,2017-04-13T12:29,34.190663,-118.337383,California
1562964262,2017-05-20T13:23,33.86714,-118.218663,California
2802996097,2017-05-24T18:58:26,33.813326,-118.03065,California
1571119488,2017-06-10T16:16:56,33.820472,-118.064834,California
1571137916,2017-06-02T12:27,33.957183,-118.160369,California
1572400824,2017-07-13T16:55:40,34.0583,-118.256967,California
1572401134,2017-07-13T18:21:16,34.02762,-118.156805,California
1640121926,2017-09-11T16:19:40,33.850862,-118.38977,California
1668834938,2017-09-19T20:36:55,33.804397,-118.367638,California
1668857857,2017-09-20T16:32:44,34.003347,-118.308155,California
3743310412,2017-09-09T14:13:55,34.053883,-118.24952,California
3944895993,2017-09-01/2017-09-08,34.17,-118.4,California
1668889174,2017-10-02T15:05:17,34.052357,-118.353592,California
1677293380,2017-10-11T15:22,33.933675,-117.950637,California
1677293922,2017-10-11T17:06,34.183335,-118.320821,California
1702476599,2017-10-31T11:17:14,34.237288,-118.35945,California
2332116706,2017-10-01T15:27:46,34.030963,-118.119691,California
1831156348,2017-11-23T16:29,34.176326,-118.112031,California
1802749222,2017-12-30T10:02:35,34.162584,-118.243101,California
1802605382,2016-01-11T12:13:42,34.075561,-118.453233,California
2459999953,2016-03-13T15:19:11,34.000603,-117.841926,California
3944896298,2016-03-01/2016-03-08,33.89,-118.29,California
3944896439,2016-03-01/2016-03-08,34.16,-118.0,California
3944901565,2016-03-01/2016-03-08,34.16,-118.12,California
3944903055,2016-03-01/2016-03-08,34.1,-118.26,California
1703123347,2016-04-16T10:58,34.017612,-118.28775,California
1831112801,2016-04-22,34.058889,-118.157778,California
3944893888,2016-04-01/2016-04-08,34.05,-118.11,California
1269560985,2016-05-15T12:21:01,33.915267,-118.319768,California
1272080998,2016-05-15T13:04:16,34.016124,-118.382188,California
3944900045,2016-05-01/2016-05-08,34.16,-118.0,California
3944901364,2016-05-01/2016-05-08,34.16,-118.0,California
1831155773,2016-07-23T11:14:30,33.782223,-118.196388,California
1315084404,2016-09-21T15:09:59,34.009843,-117.746674,California
1831122950,2016-09-26T12:44,34.072042,-118.445503,California
3008462309,2016-09-08T09:08:03,34.111522,-118.20472,California
1323025906,2016-10-02T12:00,33.94366,-117.64625,California
1453157708,2016-10-20T13:33:43,34.216399,-118.547847,California
1457583206,2016-10-20T13:51,34.064953,-118.441308,California
1453193410,2016-11-03T14:19,34.06401,-118.2361,California
1562883137,2016-12-21T11:30,34.067602,-118.232043,California
1831125820,2016-12-21T10:41,34.067615,-118.232075,California
1065602166,2015-01-31T11:28:06,33.742828,-118.38063,California
1453217741,2015-02-21T16:44,33.925488,-118.102111,California
1455568798,2015-02-21T16:44,33.853627,-118.133956,California
1322993417,2015-03-03T14:50:55,34.138441,-118.202083,California
1831104868,2015-05-22T06:47:50,34.199658,-118.291399,California
1099965047,2015-06-17T16:26:03,34.118095,-118.064451,California
1677257586,2015-07-25T19:32:06,33.933711,-117.950506,California
1135529436,2015-08-25T17:40:35,34.085375,-118.3384,California
3944902318,2015-09-17,34.02,-118.29,California
1831108288,2015-10-18T15:56:16,34.248002,-118.464206,California
3944894673,2015-10-10,34.05,-118.25,California
3944909288,2015-01-31/2015-02-07,34.16,-118.25,California
3944913410,2015-01-27/2015-02-03,34.07,-118.26,California
3944896904,2014-03-01/2014-03-08,34.08,-118.23,California
3944901182,2014-03-01/2014-03-08,34.08,-118.23,California
3944901422,2014-03-01/2014-03-08,34.08,-118.23,California
3944901613,2014-03-01/2014-03-08,34.08,-118.23,California
3944902473,2014-03-01/2014-03-08,34.09,-118.27,California
2243023386,2014-04-15,34.070503,-118.443314,California
3944894554,2014-05-03/2014-05-10,34.03,-118.33,California
3944896828,2014-05-03/2014-05-09,34.15,-118.22,California
3944898662,2014-05-03/2014-05-10,34.03,-118.33,California
3944910198,2014-05-03/2014-05-10,34.08,-118.23,California
6368582419,2014-05-03,34.03,-118.327,California
2294396247,2014-11-08T15:54:22,34.126342,-118.263306,California
3944902966,2014-11-01/2014-11-08,34.13,-118.19,California
1052595816,2014-12-19T14:20:04,34.07735,-118.474939,California
3944893632,2014-08-30/2014-09-06,34.15,-118.22,California
3944895257,2014-09-27/2014-10-04,34.09,-118.27,California
3944895449,2014-05-31/2014-06-07,34.1,-118.26,California
3944896030,2014-09-27/2014-10-04,34.13,-118.19,California
3944898617,2014-09-27/2014-10-04,34.08,-118.32,California
3944900984,2014-03-28/2014-04-05,34.15,-118.22,California
3944912025,2014-05-31/2014-06-07,34.09,-118.27,California
3944894344,2013-02-08/2013-02-15,34.02,-118.29,California
4936935821,2013-06-09T09:26,34.06557,-118.440918,California
1414077325,2011-07-22,33.563,-117.819,California
3902581839,2008-04-20T12:10,33.783224,-118.348944,California
1802682559,2008-10-24T14:03,33.943731,-117.345037,California
3061536399,2001-06-18T17:02:10,34.145161,-118.114327,California
1060873642,1982-01-01/1982-12-31,37.21583,-121.68359,California
1060873658,1982-01-01/1982-12-31,37.21583,-121.68359,California
1060873682,1982-01-01/1982-12-31,37.21583,-121.68359,California
1060873696,1982-01-01/1982-12-31,37.21583,-121.68359,California
1060873707,1982-01-01/1982-12-31,37.21583,-121.68359,California
1060873710,1982-01-01/1982-12-31,37.21583,-121.68359,California
1060873714,1982-01-01/1982-12-31,37.21583,-121.68359,California
1060873716,1982-01-01/1982-12-31,37.21583,-121.68359,California
1060873720,1982-01-01/1982-12-31,37.21583,-121.68359,California
1060873721,1982-01-01/1982-12-31,37.21583,-121.68359,California
1060873722,1982-01-01/1982-12-31,37.21583,-121.68359,California
1060873725,1982-01-01/1982-12-31,37.21583,-121.68359,California
1060873732,1982-01-01/1982-12-31,37.21583,-121.68359,California
1060873733,1982-01-01/1982-12-31,37.21583,-121.68359,California
1060873741,1982-01-01/1982-12-31,37.21583,-121.68359,California
1060873742,1982-01-01/1982-12-31,37.21583,-121.68359,California
1060873745,1982-01-01/1982-12-31,37.21583,-121.68359,California
1060873748,1982-01-01/1982-12-31,37.21583,-121.68359,California
1060873752,1982-01-01/1982-12-31,37.21583,-121.68359,California
1060873755,1982-01-01/1982-12-31,37.21583,-121.68359,California
1060873758,1982-01-01/1982-12-31,37.21583,-121.68359,California
1060873763,1982-01-01/1982-12-31,37.21583,-121.68359,California
1060873764,1982-01-01/1982-12-31,37.21583,-121.68359,California
1060873780,1982-01-01/1982-12-31,37.21583,-121.68359,California
1060873781,1982-01-01/1982-12-31,37.21583,-121.68359,California
1060873784,1982-01-01/1982-12-31,37.21583,-121.68359,California
1060873794,1982-01-01/1982-12-31,37.21583,-121.68359,California
1060873811,1982-01-01/1982-12-31,37.21583,-121.68359,California
1060873814,1982-01-01/1982-12-31,37.21583,-121.68359,California
2451354398,1981-05-15,37.354108,-121.955236,California
2451356935,1981-05-15,37.354108,-121.955236,California
2451357464,1981-05-15,37.354108,-121.955236,California
2451357676,1981-05-15,37.354108,-121.955236,California
2451359038,1981-07-01,37.322998,-122.032182,California
2451360112,1981-07-01,37.322998,-122.032182,California
2451360249,1981-07-01,37.322998,-122.032182,California
2451360322,1981-07-01,37.322998,-122.032182,California
2451360340,1981-07-01,37.322998,-122.032182,California
2451360602,1981-07-01,37.322998,-122.032182,California
2451360622,1981-07-01,37.322998,-122.032182,California
2451360651,1981-07-01,37.322998,-122.032182,California
2451360718,1981-07-01,37.322998,-122.032182,California
2451360776,1981-07-01,37.322998,-122.032182,California
2451360812,1981-07-01,37.322998,-122.032182,California
2451360988,1981-07-01,37.322998,-122.032182,California
2451361061,1981-07-01,37.322998,-122.032182,California
2451361443,1981-07-01,37.322998,-122.032182,California
2451361544,1981-07-01,37.322998,-122.032182,California
2451361635,1981-07-01,37.322998,-122.032182,California
2451361725,1981-07-01,37.322998,-122.032182,California
2451361797,1981-07-01,37.322998,-122.032182,California
2451361905,1981-07-01,37.322998,-122.032182,California
2451361925,1981-07-01,37.322998,-122.032182,California
2451362105,1981-07-01,37.322998,-122.032182,California
2451362127,1981-07-01,37.322998,-122.032182,California
2451362219,1981-07-01,37.322998,-122.032182,California
2451362251,1981-07-01,37.322998,-122.032182,California
2451362506,1981-07-01,37.322998,-122.032182,California
2451362529,1981-07-01,37.322998,-122.032182,California
2451362622,1981-07-01,37.322998,-122.032182,California
2451362741,1981-07-01,37.322998,-122.032182,California
2451362988,1981-07-01,37.322998,-122.032182,California
2451363543,1981-07-01,37.322998,-122.032182,California
2451364270,1981-07-01,37.322998,-122.032182,California
2451365307,1981-07-01,37.322998,-122.032182,California
