time,temperature_2m_max,temperature_2m_min,temperature_2m_mean,relative_humidity_2m_mean,rain_sum,degree_days,temp_7day_avg,temp_14day_avg,degree_days_14day_sum,humidity_7day_avg,outbreak
2023-01-01,38.8,19.4,27.8,44,0.0,17.8,27.8,27.8,17.8,44.0,0
2023-01-02,36.3,21.4,28.8,46,0.0,18.8,28.3,28.3,36.6,45.0,0
2023-01-03,32.9,17.6,23.6,61,1.1,13.6,26.733333333333334,26.733333333333334,50.2,50.333333333333336,0
2023-01-04,22.5,15.6,19.0,72,3.1,9.0,24.8,24.8,59.2,55.75,0
2023-01-05,23.1,14.7,18.1,54,0.1,8.100000000000001,23.46,23.46,67.3,55.4,0
2023-01-06,28.6,14.7,21.0,51,0.0,11.0,23.05,23.05,78.3,54.666666666666664,0
2023-01-07,33.0,14.4,23.9,47,0.0,13.9,23.17142857142857,23.17142857142857,92.2,53.57142857142857,0
2023-01-08,33.1,16.2,24.5,52,0.0,14.5,22.699999999999996,23.3375,106.7,54.714285714285715,1
2023-01-09,31.7,15.1,22.2,70,0.0,12.2,21.75714285714286,23.211111111111112,118.9,58.142857142857146,1
2023-01-10,28.8,17.6,21.5,68,0.0,11.5,21.457142857142856,23.04,130.4,59.142857142857146,1
2023-01-11,29.2,14.2,22.7,53,0.0,12.7,21.985714285714284,23.009090909090908,143.1,56.42857142857143,1
2023-01-12,25.7,18.0,22.3,60,0.3,12.3,22.585714285714285,22.95,155.4,57.285714285714285,1
2023-01-13,27.3,13.7,20.8,61,0.1,10.8,22.557142857142853,22.784615384615385,166.2,58.714285714285715,1
2023-01-14,31.7,16.3,22.8,57,0.3,12.8,22.400000000000002,22.785714285714285,179.0,60.142857142857146,1
2023-01-15,31.8,18.3,24.1,56,0.0,14.1,22.342857142857145,22.521428571428572,175.29999999999998,60.714285714285715,1
2023-01-16,37.8,20.9,28.2,52,0.0,18.2,23.2,22.478571428571428,174.70000000000002,58.142857142857146,1
2023-01-17,35.7,20.6,28.2,56,0.0,18.2,24.157142857142855,22.807142857142857,179.3,56.42857142857143,1
2023-01-18,33.8,20.0,25.7,59,0.1,15.7,24.58571428571429,23.285714285714285,186.0,57.285714285714285,1
2023-01-19,28.2,19.1,22.5,67,0.2,12.5,24.614285714285717,23.599999999999998,190.39999999999998,58.285714285714285,1
2023-01-20,28.7,15.6,21.6,69,0.0,11.6,24.728571428571428,23.642857142857142,191.0,59.42857142857143,1
2023-01-21,29.7,17.1,22.0,68,0.0,12.0,24.614285714285717,23.50714285714286,189.10000000000002,61.0,1
2023-01-22,27.6,16.8,22.1,66,0.0,12.1,24.32857142857143,23.33571428571429,186.70000000000002,62.42857142857143,1
2023-01-23,30.9,16.3,22.6,60,0.0,12.6,23.52857142857143,23.364285714285717,187.1,63.57142857142857,1
2023-01-24,21.1,15.0,17.6,70,6.8,7.600000000000001,22.014285714285716,23.08571428571429,183.2,65.57142857142857,1
2023-01-25,28.8,12.0,19.7,51,0.0,9.7,21.157142857142862,22.87142857142857,180.20000000000002,64.42857142857143,1
2023-01-26,29.9,12.2,21.1,62,0.0,11.1,20.95714285714286,22.78571428571429,179.0,63.714285714285715,1
2023-01-27,29.4,15.2,22.1,65,0.0,12.1,21.028571428571432,22.87857142857143,180.29999999999998,63.142857142857146,1
2023-01-28,24.0,16.5,19.8,67,0.9,9.8,20.714285714285715,22.664285714285715,177.3,63.0,1
2023-01-29,29.4,15.5,21.3,46,0.0,11.3,20.6,22.464285714285715,174.5,60.142857142857146,1
2023-01-30,33.1,17.4,24.0,46,0.0,14.0,20.800000000000004,22.164285714285715,170.29999999999998,58.142857142857146,1
2023-01-31,33.7,18.2,25.6,49,0.0,15.6,21.942857142857143,21.978571428571428,167.7,55.142857142857146,1
2023-02-01,26.5,17.4,21.9,70,0.0,11.9,22.25714285714286,21.70714285714286,163.9,57.857142857142854,1
2023-02-02,26.3,16.5,20.9,67,0.0,10.9,22.228571428571428,21.592857142857145,162.29999999999998,58.57142857142857,1
2023-02-03,34.6,12.9,23.7,53,0.0,13.7,22.45714285714286,21.74285714285714,164.39999999999998,56.857142857142854,1
2023-02-04,34.5,17.8,24.7,53,0.0,14.7,23.157142857142855,21.935714285714287,167.1,54.857142857142854,1
2023-02-05,26.0,20.2,22.6,77,0.0,12.6,23.342857142857138,21.971428571428568,167.6,59.285714285714285,1
2023-02-06,32.6,20.2,26.1,59,0.0,16.1,23.642857142857142,22.22142857142857,171.1,61.142857142857146,1
2023-02-07,27.8,20.0,23.7,70,1.3,13.7,23.37142857142857,22.657142857142855,177.20000000000002,64.14285714285714,1
2023-02-08,33.8,19.8,25.4,53,0.0,15.4,23.87142857142857,23.064285714285713,182.89999999999998,61.714285714285715,1
2023-02-09,34.6,17.8,26.2,50,0.0,16.2,24.62857142857143,23.428571428571427,188.0,59.285714285714285,1
2023-02-10,36.9,20.9,28.5,47,0.0,18.5,25.314285714285713,23.88571428571429,194.4,58.42857142857143,1
2023-02-11,38.0,20.6,28.0,41,0.0,18.0,25.785714285714285,24.47142857142857,202.6,56.714285714285715,1
2023-02-12,27.4,19.2,22.6,70,0.0,12.6,25.785714285714285,24.564285714285713,203.9,55.714285714285715,1
2023-02-13,30.6,16.9,23.7,66,0.0,13.7,25.442857142857143,24.54285714285714,203.6,56.714285714285715,1
2023-02-14,30.5,19.2,24.0,69,0.1,14.0,25.485714285714288,24.428571428571427,202.0,56.57142857142857,1
2023-02-15,30.1,19.0,23.2,65,0.0,13.2,25.17142857142857,24.521428571428572,203.3,58.285714285714285,1
2023-02-16,28.4,20.0,22.7,65,0.0,12.7,24.67142857142857,24.650000000000002,205.1,60.42857142857143,1
2023-02-17,26.5,19.1,21.6,69,3.2,11.6,23.685714285714287,24.5,202.99999999999997,63.57142857142857,1
2023-02-18,31.8,17.3,23.7,59,0.0,13.7,23.071428571428573,24.428571428571427,202.0,66.14285714285714,1
2023-02-19,27.1,15.6,20.7,69,0.2,10.7,22.800000000000004,24.292857142857144,200.1,66.0,1
2023-02-20,19.3,13.2,16.1,83,29.5,6.100000000000001,21.714285714285715,23.578571428571426,190.1,68.42857142857143,1
2023-02-21,22.6,11.2,15.9,64,0.1,5.9,20.557142857142857,23.021428571428572,182.29999999999998,67.71428571428571,1
2023-02-22,26.5,11.3,19.3,60,0.0,9.3,20.0,22.58571428571429,176.20000000000002,67.0,1
2023-02-23,29.8,14.4,21.9,63,0.0,11.9,19.885714285714283,22.27857142857143,171.89999999999998,66.71428571428571,1
2023-02-24,25.1,16.2,20.3,70,0.0,10.3,19.7,21.692857142857143,163.7,66.85714285714286,1
2023-02-25,25.8,16.1,19.8,59,0.0,9.8,19.142857142857142,21.107142857142858,155.5,66.85714285714286,1
2023-02-26,31.9,12.8,22.0,52,0.0,12.0,19.32857142857143,21.064285714285717,154.9,64.42857142857143,1
2023-02-27,33.7,14.5,23.6,55,0.0,13.6,20.400000000000002,21.057142857142857,154.8,60.42857142857143,1
2023-02-28,33.6,17.0,24.4,62,0.0,14.4,21.614285714285717,21.08571428571429,155.20000000000002,60.142857142857146,1
2023-03-01,35.0,15.9,25.0,56,0.0,15.0,22.428571428571427,21.214285714285715,157.0,59.57142857142857,1
2023-03-02,34.9,19.1,26.1,45,0.0,16.1,23.028571428571432,21.457142857142856,160.4,57.0,1
2023-03-03,27.5,16.5,20.9,70,0.0,10.9,23.114285714285717,21.407142857142862,159.70000000000002,57.0,1
2023-03-04,28.8,17.4,22.1,74,3.4,12.1,23.442857142857143,21.29285714285714,158.1,59.142857142857146,1
2023-03-05,20.4,16.9,17.8,95,18.0,7.800000000000001,22.842857142857145,21.085714285714285,155.20000000000002,65.28571428571429,1
2023-03-06,23.0,15.6,18.9,74,6.5,8.899999999999999,22.17142857142857,21.285714285714285,158.0,68.0,1
2023-03-07,27.7,17.2,20.9,64,0.4,10.9,21.67142857142857,21.642857142857142,163.0,68.28571428571429,1
2023-03-08,22.3,14.6,18.0,81,3.0,8.0,20.67142857142857,21.55,161.7,71.85714285714286,1
2023-03-09,19.0,14.8,16.6,94,11.6,6.600000000000001,19.314285714285713,21.17142857142857,156.4,78.85714285714286,1
2023-03-10,23.9,12.8,17.2,75,0.1,7.199999999999999,18.785714285714285,20.95,153.3,79.57142857142857,1
2023-03-11,20.7,13.3,16.7,74,6.7,6.699999999999999,18.014285714285712,20.728571428571428,150.2,79.57142857142857,1
2023-03-12,26.2,12.7,19.0,63,0.0,9.0,18.185714285714287,20.514285714285712,147.2,75.0,1
2023-03-13,29.5,13.5,21.2,72,0.0,11.2,18.514285714285712,20.342857142857145,144.8,74.71428571428571,1
2023-03-14,31.5,16.6,23.3,65,0.0,13.3,18.857142857142858,20.264285714285712,143.7,74.85714285714286,1
2023-03-15,32.7,20.3,24.8,69,0.0,14.8,19.82857142857143,20.25,143.5,73.14285714285714,1
2023-03-16,35.3,19.6,26.3,58,0.0,16.3,21.214285714285715,20.264285714285712,143.7,68.0,1
2023-03-17,24.7,17.2,19.8,81,0.7,9.8,21.58571428571429,20.185714285714283,142.6,68.85714285714286,1
2023-03-18,22.9,15.4,18.4,80,11.4,8.399999999999999,21.828571428571426,19.921428571428574,138.9,69.71428571428571,1
2023-03-19,25.5,15.6,19.1,65,0.0,9.1,21.842857142857138,20.014285714285712,140.2,70.0,1
2023-03-20,22.0,15.8,17.7,73,4.5,7.699999999999999,21.342857142857145,19.928571428571427,139.0,70.14285714285714,1
2023-03-21,24.6,15.1,18.5,80,3.8,8.5,20.657142857142855,19.757142857142856,136.6,72.28571428571429,1
2023-03-22,24.7,12.4,18.9,74,0.0,8.899999999999999,19.814285714285713,19.821428571428573,137.5,73.0,1
2023-03-23,27.5,20.1,23.4,65,10.3,13.4,19.4,20.307142857142857,144.3,74.0,1
2023-03-24,25.4,16.2,19.3,77,4.1,9.3,19.32857142857143,20.457142857142856,146.4,73.42857142857143,1
2023-03-25,20.3,15.8,17.4,90,17.9,7.399999999999999,19.185714285714283,20.507142857142856,147.1,74.85714285714286,1
2023-03-26,23.3,12.9,17.4,71,0.4,7.399999999999999,18.942857142857143,20.392857142857142,145.5,75.71428571428571,1
2023-03-27,28.0,11.8,19.2,55,0.0,9.2,19.157142857142855,20.25,143.5,73.14285714285714,1
2023-03-28,21.7,14.6,17.5,65,0.0,7.5,19.014285714285712,19.835714285714285,137.7,71.0,1
2023-03-29,20.1,12.1,15.6,68,0.2,5.6,18.542857142857144,19.178571428571427,128.5,70.14285714285714,1
2023-03-30,22.5,11.5,16.4,72,0.0,6.399999999999999,17.54285714285714,18.471428571428568,118.6,71.14285714285714,1
2023-03-31,26.8,11.5,18.1,70,0.0,8.100000000000001,17.37142857142857,18.349999999999998,116.89999999999999,70.14285714285714,1
2023-04-01,29.8,13.2,20.7,60,0.0,10.7,17.84285714285714,18.514285714285712,119.19999999999999,65.85714285714286,1
2023-04-02,24.5,12.5,18.7,75,0.0,8.7,18.02857142857143,18.485714285714284,118.8,66.42857142857143,1
2023-04-03,21.2,14.6,17.8,79,1.4,7.800000000000001,17.82857142857143,18.49285714285714,118.89999999999999,69.85714285714286,1
2023-04-04,25.0,10.0,17.2,73,0.0,7.199999999999999,17.785714285714285,18.4,117.6,71.0,1
2023-04-05,32.7,12.4,21.7,57,0.0,11.7,18.657142857142855,18.599999999999998,120.4,69.42857142857143,1
2023-04-06,32.9,15.1,21.6,62,0.0,11.6,19.4,18.47142857142857,118.6,68.0,1
2023-04-07,19.9,15.3,17.1,86,5.0,7.100000000000001,19.25714285714286,18.314285714285713,116.4,70.28571428571429,1
2023-04-08,18.6,11.6,15.4,69,1.3,5.4,18.5,18.17142857142857,114.39999999999999,71.57142857142857,1
2023-04-09,19.6,8.1,14.0,69,0.9,4.0,17.82857142857143,17.928571428571427,111.0,70.71428571428571,0
2023-04-10,17.5,11.5,14.2,76,2.6,4.199999999999999,17.314285714285713,17.571428571428573,106.0,70.28571428571429,0
2023-04-11,20.1,9.5,14.2,70,0.0,4.199999999999999,16.885714285714283,17.335714285714285,102.7,69.85714285714286,0
2023-04-12,21.5,9.2,15.1,60,0.1,5.1,15.942857142857145,17.3,102.2,70.28571428571429,0
2023-04-13,22.5,13.0,16.6,71,2.3,6.600000000000001,15.228571428571428,17.314285714285713,102.4,71.57142857142857,0
2023-04-14,20.2,11.0,15.2,68,0.5,5.199999999999999,14.957142857142857,17.107142857142858,99.5,69.0,0
2023-04-15,24.8,8.8,15.9,61,0.0,5.9,15.028571428571428,16.764285714285716,94.7,67.85714285714286,0
2023-04-16,29.1,10.6,17.8,62,0.0,7.800000000000001,15.571428571428571,16.7,93.8,66.85714285714286,0
2023-04-17,26.7,9.9,17.9,59,0.0,7.899999999999999,16.099999999999998,16.70714285714286,93.9,64.42857142857143,0
2023-04-18,25.0,11.1,16.9,61,0.0,6.899999999999999,16.485714285714288,16.685714285714287,93.6,63.142857142857146,0
2023-04-19,25.4,12.0,18.4,54,0.0,8.399999999999999,16.957142857142856,16.45,90.3,62.285714285714285,0
2023-04-20,16.1,10.9,13.7,84,26.9,3.6999999999999993,16.54285714285714,15.885714285714286,82.39999999999999,64.14285714285714,0
2023-04-21,16.7,7.4,11.6,69,0.3,1.5999999999999996,16.02857142857143,15.492857142857142,76.89999999999999,64.28571428571429,0
2023-04-22,14.3,9.8,12.6,76,6.4,2.6,15.557142857142855,15.292857142857144,74.1,66.42857142857143,0
2023-04-23,19.0,13.7,16.0,95,22.0,6.0,15.299999999999999,15.435714285714287,76.1,71.14285714285714,0
2023-04-24,20.7,12.4,16.9,90,26.0,6.899999999999999,15.157142857142857,15.628571428571428,78.8,75.57142857142857,0
2023-04-25,21.2,11.1,15.6,76,0.0,5.6,14.971428571428572,15.728571428571428,80.19999999999999,77.71428571428571,0
2023-04-26,22.0,10.3,15.1,78,0.0,5.1,14.5,15.72857142857143,80.19999999999999,81.14285714285714,0
2023-04-27,19.5,12.0,14.6,87,17.5,4.6,14.62857142857143,15.585714285714285,78.2,81.57142857142857,0
2023-04-28,19.2,12.0,14.6,79,1.3,4.6,15.057142857142855,15.542857142857143,77.6,83.0,0
2023-04-29,18.5,12.5,14.8,74,0.5,4.800000000000001,15.37142857142857,15.464285714285714,76.49999999999999,82.71428571428571,0
2023-04-30,22.2,10.0,14.9,75,0.0,4.9,15.214285714285714,15.257142857142854,73.6,79.85714285714286,0
2023-05-01,19.9,8.0,13.7,79,0.0,3.6999999999999993,14.757142857142856,14.957142857142857,69.39999999999999,78.28571428571429,0
2023-05-02,20.6,10.7,14.8,85,0.0,4.800000000000001,14.642857142857142,14.807142857142855,67.3,79.57142857142857,0
2023-05-03,21.3,10.6,14.4,87,0.0,4.4,14.542857142857144,14.52142857142857,63.3,80.85714285714286,0
2023-05-04,20.5,9.8,14.1,85,0.0,4.1,14.471428571428572,14.549999999999999,63.699999999999996,80.57142857142857,0
2023-05-05,21.6,8.7,13.9,83,0.0,3.9,14.37142857142857,14.714285714285714,66.0,81.14285714285714,0
2023-05-06,20.2,9.2,14.4,84,0.5,4.4,14.314285714285715,14.842857142857142,67.8,82.57142857142857,0
2023-05-07,21.6,11.8,15.8,83,0.0,5.800000000000001,14.442857142857141,14.828571428571431,67.6,83.71428571428571,0
2023-05-08,20.7,10.7,14.8,78,0.0,4.800000000000001,14.6,14.678571428571429,65.5,83.57142857142857,0
2023-05-09,22.9,8.5,14.4,82,0.0,4.4,14.542857142857143,14.592857142857143,64.3,83.14285714285714,0
2023-05-10,25.6,9.7,17.8,61,0.0,7.800000000000001,15.02857142857143,14.785714285714286,67.0,79.42857142857143,0
2023-05-11,15.1,11.1,13.2,88,4.1,3.1999999999999997,14.9,14.685714285714285,65.60000000000001,79.85714285714286,0
2023-05-12,15.8,10.1,12.4,67,0.0,2.4000000000000004,14.685714285714287,14.528571428571428,63.400000000000006,77.57142857142857,0
2023-05-13,16.5,11.5,13.7,66,0.0,3.6999999999999993,14.585714285714287,14.45,62.300000000000004,75.0,0
2023-05-14,19.1,10.0,14.5,66,0.0,4.5,14.400000000000002,14.421428571428573,61.900000000000006,72.57142857142857,0
2023-05-15,22.1,8.4,13.8,66,0.0,3.8000000000000007,14.257142857142856,14.428571428571429,62.0,70.85714285714286,0
2023-05-16,19.4,8.4,12.7,78,0.0,2.6999999999999997,14.014285714285716,14.278571428571428,59.900000000000006,70.28571428571429,0
2023-05-17,17.2,8.0,12.8,87,5.0,2.8000000000000007,13.3,14.164285714285715,58.300000000000004,74.0,0
2023-05-18,18.1,7.8,12.1,78,0.0,2.1,13.142857142857142,14.021428571428572,56.300000000000004,72.57142857142857,0
2023-05-19,17.1,6.0,11.1,75,0.8,1.0999999999999996,12.957142857142857,13.821428571428571,53.50000000000001,73.71428571428571,0
2023-05-20,18.7,9.6,13.0,76,0.0,3.0,12.857142857142858,13.721428571428572,52.10000000000001,75.14285714285714,0
2023-05-21,18.1,11.1,13.9,79,8.8,3.9,12.77142857142857,13.585714285714285,50.2,77.0,0
2023-05-22,20.6,7.2,13.7,70,0.0,3.6999999999999993,12.757142857142856,13.507142857142858,49.1,77.57142857142857,0
2023-05-23,18.7,9.5,14.2,71,0.0,4.199999999999999,12.971428571428572,13.492857142857144,48.9,76.57142857142857,0
2023-05-24,19.2,10.4,14.0,78,0.0,4.0,13.142857142857142,13.221428571428572,45.1,75.28571428571429,0
2023-05-25,13.4,8.6,11.2,97,58.5,1.1999999999999993,13.014285714285714,13.078571428571427,43.099999999999994,78.0,0
2023-05-26,14.5,8.3,10.7,86,3.0,0.6999999999999993,12.957142857142856,12.957142857142857,41.4,79.57142857142857,0
2023-05-27,17.3,8.7,11.4,67,0.0,1.4000000000000004,12.728571428571428,12.792857142857143,39.099999999999994,78.28571428571429,0
2023-05-28,17.8,7.5,12.6,68,0.0,2.6,12.542857142857143,12.657142857142858,37.199999999999996,76.71428571428571,0
2023-05-29,17.2,10.6,14.5,80,8.4,4.5,12.657142857142857,12.707142857142857,37.9,78.14285714285714,0
2023-05-30,14.2,11.2,12.3,93,6.6,2.3000000000000007,12.385714285714284,12.678571428571429,37.49999999999999,81.28571428571429,0
2023-05-31,19.1,11.1,14.0,93,5.4,4.0,12.385714285714284,12.764285714285714,38.699999999999996,83.42857142857143,0
2023-06-01,19.0,11.1,14.0,92,0.0,4.0,12.785714285714286,12.9,40.599999999999994,82.71428571428571,0
2023-06-02,18.4,11.1,14.7,75,1.6,4.699999999999999,13.357142857142858,13.157142857142858,44.199999999999996,81.14285714285714,0
2023-06-03,14.0,10.0,12.5,90,22.9,2.5,13.514285714285714,13.121428571428572,43.699999999999996,84.42857142857143,0
2023-06-04,13.8,7.9,10.4,92,17.4,0.4000000000000003,13.200000000000001,12.87142857142857,40.199999999999996,87.85714285714286,0
2023-06-05,13.5,6.4,9.8,82,0.1,0.0,12.528571428571428,12.592857142857143,36.5,88.14285714285714,0
2023-06-06,17.7,4.2,11.7,63,0.0,1.6999999999999993,12.442857142857145,12.414285714285713,34.0,83.85714285714286,0
2023-06-07,12.7,7.7,10.9,84,6.1,0.9000000000000004,12.0,12.192857142857141,30.9,82.57142857142857,0
2023-06-08,15.6,12.3,13.8,99,22.8,3.8000000000000007,11.971428571428572,12.37857142857143,33.5,83.57142857142857,0
2023-06-09,16.4,12.2,13.6,94,5.9,3.6,11.814285714285715,12.585714285714285,36.4,86.28571428571429,0
2023-06-10,17.8,10.3,12.9,88,0.0,2.9000000000000004,11.871428571428572,12.692857142857145,37.9,86.0,0
2023-06-11,15.7,9.8,12.1,91,6.3,2.1,12.114285714285714,12.657142857142857,37.4,85.85714285714286,0
2023-06-12,14.9,10.5,12.2,88,12.7,2.1999999999999997,12.457142857142857,12.492857142857142,35.1,86.71428571428571,0
2023-06-13,14.8,11.6,13.2,97,27.1,3.1999999999999997,12.671428571428573,12.557142857142859,36.0,91.57142857142857,0
2023-06-14,14.1,10.6,12.8,95,40.6,2.8000000000000007,12.942857142857145,12.471428571428572,34.800000000000004,93.14285714285714,0
2023-06-15,16.7,9.0,13.0,89,29.4,3.0,12.828571428571427,12.4,33.800000000000004,91.71428571428571,0
2023-06-16,15.8,10.6,12.9,84,1.0,2.9000000000000004,12.728571428571428,12.27142857142857,32.0,90.28571428571429,0
2023-06-17,14.1,9.6,12.9,94,46.0,2.9000000000000004,12.728571428571428,12.299999999999999,32.4,91.14285714285714,0
2023-06-18,14.3,9.5,11.5,88,6.4,1.5,12.642857142857142,12.37857142857143,33.5,90.71428571428571,0
2023-06-19,13.5,8.2,10.9,85,31.4,0.9000000000000004,12.457142857142857,12.457142857142857,34.400000000000006,90.28571428571429,0
2023-06-20,13.2,6.2,9.3,85,1.0,0.0,11.9,12.285714285714286,32.7,88.57142857142857,0
2023-06-21,13.9,8.6,11.0,83,1.8,1.0,11.642857142857142,12.292857142857144,32.8,86.85714285714286,0
2023-06-22,20.3,7.7,13.1,85,0.0,3.1,11.657142857142857,12.242857142857144,32.1,86.28571428571429,0
2023-06-23,18.5,12.9,14.6,71,1.7,4.6,11.9,12.314285714285715,33.1,84.42857142857143,0
2023-06-24,17.4,11.4,14.1,87,0.0,4.1,12.071428571428571,12.4,34.3,83.42857142857143,0
2023-06-25,16.9,11.7,13.8,78,0.0,3.8000000000000007,12.4,12.521428571428572,36.0,82.0,0
2023-06-26,18.2,12.5,14.3,73,1.2,4.300000000000001,12.885714285714286,12.671428571428573,38.1,80.28571428571429,0
2023-06-27,14.7,11.1,13.3,86,7.2,3.3000000000000007,13.457142857142857,12.678571428571429,38.2,80.42857142857143,0
2023-06-28,15.5,6.4,11.0,86,0.6,1.0,13.457142857142857,12.55,36.400000000000006,80.85714285714286,0
2023-06-29,13.6,10.6,12.1,97,11.4,2.1,13.314285714285715,12.485714285714286,35.50000000000001,82.57142857142857,0
2023-06-30,15.6,10.8,12.5,89,2.5,2.5,13.014285714285714,12.457142857142857,35.10000000000001,85.14285714285714,0
2023-07-01,17.9,9.3,13.1,76,0.0,3.1,12.871428571428572,12.471428571428572,35.3,83.57142857142857,0
2023-07-02,18.7,7.8,12.3,83,0.0,2.3000000000000007,12.657142857142858,12.528571428571428,36.1,84.28571428571429,0
2023-07-03,18.7,8.7,12.6,71,0.0,2.6,12.414285714285713,12.65,37.800000000000004,84.0,0
2023-07-04,17.0,6.7,11.4,81,0.0,1.4000000000000004,12.142857142857142,12.8,39.2,83.28571428571429,0
2023-07-05,18.0,4.6,10.3,70,0.0,0.3000000000000007,12.042857142857143,12.75,38.5,81.0,0
2023-07-06,23.7,6.1,16.6,47,0.0,6.600000000000001,12.685714285714287,13.0,42.0,73.85714285714286,0
2023-07-07,15.4,11.0,13.2,85,10.4,3.1999999999999997,12.785714285714286,12.9,40.60000000000001,73.28571428571429,0
2023-07-08,12.0,6.6,9.6,89,29.5,0.0,12.285714285714286,12.578571428571427,36.50000000000001,75.14285714285714,0
2023-07-09,13.8,3.7,8.5,88,3.1,0.0,11.742857142857144,12.2,32.7,75.85714285714286,0
2023-07-10,15.1,1.2,7.0,84,0.0,0.0,10.942857142857145,11.678571428571429,28.400000000000006,77.71428571428571,0
2023-07-11,16.9,2.6,8.3,84,0.0,0.0,10.5,11.321428571428571,25.1,78.14285714285714,0
2023-07-12,21.1,5.2,12.2,63,0.0,2.1999999999999997,10.771428571428572,11.407142857142857,26.3,77.14285714285714,0
2023-07-13,24.5,4.3,13.0,62,0.0,3.0,10.257142857142856,11.471428571428572,27.200000000000003,79.28571428571429,0
2023-07-14,22.7,12.0,17.6,48,0.0,7.600000000000001,10.885714285714284,11.835714285714285,32.300000000000004,74.0,0
2023-07-15,16.4,9.6,12.7,78,0.7,2.6999999999999997,11.328571428571427,11.807142857142859,31.900000000000002,72.42857142857143,0
2023-07-16,16.5,10.9,13.4,91,3.1,3.4000000000000004,12.028571428571428,11.885714285714286,33.0,72.85714285714286,0
2023-07-17,19.0,10.0,14.0,85,0.0,4.0,13.028571428571428,11.985714285714286,34.400000000000006,73.0,0
2023-07-18,14.5,8.7,11.7,96,15.1,1.6999999999999993,13.514285714285716,12.007142857142856,34.7,74.71428571428571,0
2023-07-19,13.3,5.0,9.1,77,0.3,0.0,13.071428571428571,11.921428571428569,34.400000000000006,76.71428571428571,0
2023-07-20,15.9,0.9,7.8,77,0.0,0.0,12.328571428571427,11.292857142857143,27.8,78.85714285714286,0
2023-07-21,16.7,1.2,9.1,66,0.0,0.0,11.114285714285712,11.0,24.6,81.42857142857143,0
2023-07-22,15.5,5.9,10.6,63,1.1,0.5999999999999996,10.814285714285715,11.071428571428571,25.200000000000003,79.28571428571429,0
2023-07-23,13.9,6.6,10.2,85,1.0,0.1999999999999993,10.357142857142858,11.192857142857145,25.4,78.42857142857143,0
2023-07-24,14.4,4.0,8.7,75,0.0,0.0,9.599999999999998,11.314285714285715,25.4,77.0,0
2023-07-25,18.3,0.9,8.3,80,0.0,0.0,9.114285714285714,11.314285714285715,25.4,74.71428571428571,0
2023-07-26,15.3,5.5,11.3,72,0.5,1.3000000000000007,9.428571428571429,11.25,24.5,74.0,0
2023-07-27,15.5,8.5,11.2,84,0.1,1.1999999999999993,9.914285714285715,11.121428571428572,22.700000000000003,75.0,0
2023-07-28,14.8,6.9,10.5,85,13.5,0.5,10.114285714285714,10.614285714285716,15.6,77.71428571428571,0
2023-07-29,11.5,8.0,9.5,91,11.9,0.0,9.957142857142857,10.385714285714286,12.899999999999999,81.71428571428571,0
2023-07-30,12.0,5.7,8.9,86,10.3,0.0,9.771428571428572,10.064285714285713,9.499999999999998,81.85714285714286,0
2023-07-31,13.5,5.4,9.8,84,2.5,0.0,9.928571428571429,9.764285714285714,5.499999999999998,83.14285714285714,0
2023-08-01,16.3,1.7,7.9,85,0.0,0.0,9.871428571428572,9.492857142857144,3.7999999999999994,83.85714285714286,0
2023-08-02,21.6,1.4,10.1,76,0.0,0.0999999999999996,9.700000000000001,9.564285714285715,3.899999999999999,84.42857142857143,0
2023-08-03,26.4,8.1,19.5,39,0.0,9.5,10.885714285714286,10.4,13.399999999999999,78.0,0
2023-08-04,19.2,10.8,15.0,69,0.0,5.0,11.528571428571428,10.821428571428571,18.4,75.71428571428571,0
2023-08-05,18.4,7.0,11.8,84,0.0,1.8000000000000007,11.857142857142858,10.907142857142858,19.599999999999998,74.71428571428571,0
2023-08-06,16.8,7.3,11.8,83,0.0,1.8000000000000007,12.271428571428572,11.02142857142857,21.2,74.28571428571429,0
2023-08-07,19.7,6.0,12.0,82,0.0,2.0,12.585714285714285,11.257142857142856,23.200000000000003,74.0,0
2023-08-08,17.6,7.9,13.0,79,0.2,3.0,13.314285714285713,11.592857142857142,26.200000000000003,73.14285714285714,0
2023-08-09,21.8,7.4,13.3,82,0.0,3.3000000000000007,13.771428571428572,11.735714285714286,28.2,74.0,0
2023-08-10,26.4,8.6,17.1,60,0.0,7.100000000000001,13.428571428571429,12.157142857142857,34.1,77.0,0
2023-08-11,24.1,12.9,17.9,57,0.0,7.899999999999999,13.842857142857143,12.685714285714285,41.5,75.28571428571429,0
2023-08-12,16.3,10.4,12.5,87,0.9,2.5,13.942857142857145,12.9,44.0,75.71428571428571,0
2023-08-13,16.5,9.5,12.0,79,0.1,2.0,13.971428571428573,13.121428571428572,46.0,75.14285714285714,0
2023-08-14,13.5,6.6,9.9,74,0.1,0.0,13.671428571428573,13.12857142857143,46.0,74.0,0
2023-08-15,19.0,3.7,11.5,69,0.0,1.5,13.457142857142856,13.385714285714286,47.5,72.57142857142857,0
2023-08-16,18.2,9.6,13.6,69,0.4,3.6,13.5,13.635714285714286,51.00000000000001,70.71428571428571,0
2023-08-17,15.4,9.8,11.4,92,40.8,1.4000000000000004,12.685714285714285,13.057142857142859,42.9,75.28571428571429,0
2023-08-18,15.7,9.7,12.0,89,6.9,2.0,11.842857142857142,12.842857142857143,39.900000000000006,79.85714285714286,0
2023-08-19,18.3,6.2,11.9,84,0.3,1.9000000000000004,11.757142857142856,12.849999999999998,40.0,79.42857142857143,0
2023-08-20,16.5,9.8,12.1,83,0.6,2.1,11.77142857142857,12.871428571428572,40.300000000000004,80.0,0
2023-08-21,15.6,10.8,12.7,84,18.5,2.6999999999999997,12.171428571428573,12.921428571428573,41.0,81.42857142857143,0
2023-08-22,14.3,10.5,11.9,96,32.7,1.9000000000000004,12.22857142857143,12.842857142857143,39.9,85.28571428571429,0
2023-08-23,14.4,7.2,10.5,80,3.4,0.5,11.785714285714286,12.642857142857142,37.1,86.85714285714286,0
2023-08-24,16.2,4.0,9.4,77,0.0,0.0,11.5,12.092857142857143,30.0,84.71428571428571,0
2023-08-25,13.2,7.5,9.9,89,27.8,0.0,11.200000000000001,11.521428571428572,22.1,84.71428571428571,0
2023-08-26,13.9,6.9,10.1,72,0.2,0.0999999999999996,10.942857142857141,11.35,19.7,83.0,0
2023-08-27,20.8,4.3,11.5,78,0.0,1.5,10.857142857142858,11.314285714285715,19.2,82.28571428571429,0
2023-08-28,28.1,6.6,16.6,70,0.0,6.600000000000001,11.414285714285715,11.792857142857143,25.800000000000004,80.28571428571429,0
2023-08-29,30.2,13.9,22.1,44,0.0,12.1,12.87142857142857,12.549999999999999,36.400000000000006,72.85714285714286,0
2023-08-30,23.9,12.5,18.3,70,0.0,8.3,13.985714285714286,12.885714285714286,41.1,71.42857142857143,0
2023-08-31,14.9,8.9,11.9,90,4.9,1.9000000000000004,14.342857142857143,12.921428571428573,41.6,73.28571428571429,0
2023-09-01,13.9,5.9,9.5,72,0.0,0.0,14.285714285714286,12.742857142857144,39.6,70.85714285714286,0
2023-09-02,14.0,6.7,10.0,73,1.4,0.0,14.271428571428572,12.607142857142858,37.7,71.0,0
2023-09-03,14.9,7.5,10.8,80,1.6,0.8000000000000007,14.171428571428574,12.514285714285714,36.400000000000006,71.28571428571429,0
2023-09-04,14.4,5.8,10.5,77,2.4,0.5,13.3,12.357142857142858,34.2,72.28571428571429,0
2023-09-05,13.5,6.0,9.4,80,3.3,0.0,11.485714285714284,12.178571428571429,32.300000000000004,77.42857142857143,0
2023-09-06,15.1,6.3,10.3,77,0.2,0.3000000000000007,10.342857142857143,12.164285714285715,32.1,78.42857142857143,0
2023-09-07,18.0,8.5,12.1,79,0.0,2.1,10.37142857142857,12.357142857142858,34.2,76.85714285714286,0
2023-09-08,20.0,7.3,12.8,78,0.0,2.8000000000000007,10.842857142857143,12.564285714285717,37.00000000000001,77.71428571428571,0
2023-09-09,17.8,8.5,12.5,86,4.8,2.5,11.200000000000001,12.735714285714286,39.400000000000006,79.57142857142857,0
2023-09-10,14.9,8.7,11.1,88,21.7,1.0999999999999996,11.242857142857144,12.707142857142857,39.0,80.71428571428571,0
2023-09-11,11.8,4.4,7.6,80,7.4,0.0,10.828571428571427,12.064285714285715,32.4,81.14285714285714,0
2023-09-12,15.5,2.3,8.6,77,0.0,0.0,10.714285714285714,11.1,20.300000000000004,80.71428571428571,0
2023-09-13,20.5,3.4,12.0,68,0.0,2.0,10.957142857142857,10.65,14.000000000000002,79.42857142857143,0
2023-09-14,14.4,9.9,11.7,91,8.5,1.6999999999999993,10.900000000000002,10.635714285714284,13.8,81.14285714285714,0
2023-09-15,14.3,8.6,12.0,87,11.9,2.0,10.785714285714286,10.814285714285713,15.8,82.42857142857143,0
2023-09-16,13.5,7.9,10.6,72,3.3,0.5999999999999996,10.514285714285714,10.857142857142858,16.400000000000002,80.42857142857143,0
2023-09-17,16.6,7.9,11.5,74,0.0,1.5,10.571428571428571,10.907142857142858,17.1,78.42857142857143,0
2023-09-18,17.2,6.2,11.4,80,0.2,1.4000000000000004,11.114285714285716,10.971428571428573,18.0,78.42857142857143,0
2023-09-19,17.0,7.9,12.2,87,10.2,2.1999999999999997,11.628571428571428,11.171428571428573,20.2,79.85714285714286,0
2023-09-20,18.4,9.0,13.1,83,1.3,3.1,11.785714285714286,11.37142857142857,23.0,82.0,0
2023-09-21,15.7,10.4,13.3,93,6.0,3.3000000000000007,12.014285714285716,11.457142857142857,24.2,82.28571428571429,0
2023-09-22,19.0,10.5,14.4,79,2.8,4.4,12.357142857142858,11.571428571428571,25.799999999999997,81.14285714285714,0
2023-09-23,15.9,10.8,12.8,75,0.0,2.8000000000000007,12.671428571428573,11.592857142857142,26.1,81.57142857142857,0
2023-09-24,16.9,12.0,14.1,81,37.8,4.1,13.042857142857143,11.807142857142855,29.1,82.57142857142857,0
2023-09-25,16.0,12.9,14.0,92,38.6,4.0,13.414285714285715,12.264285714285714,33.1,84.28571428571429,0
2023-09-26,20.6,8.6,14.4,74,0.0,4.4,13.72857142857143,12.678571428571429,37.5,82.42857142857143,0
2023-09-27,24.3,6.9,15.0,73,0.0,5.0,14.0,12.892857142857142,40.5,81.0,0
2023-09-28,27.3,8.9,17.6,66,0.0,7.600000000000001,14.614285714285714,13.314285714285715,46.4,77.14285714285714,0
2023-09-29,23.5,13.5,18.1,66,0.1,8.100000000000001,15.142857142857144,13.75,52.5,75.28571428571429,0
2023-09-30,16.2,8.9,13.3,85,13.3,3.3000000000000007,15.214285714285714,13.942857142857141,55.20000000000001,76.71428571428571,0
2023-10-01,22.0,5.4,13.1,76,0.0,3.1,15.071428571428571,14.057142857142855,56.80000000000001,76.0,0
2023-10-02,29.9,8.1,17.6,61,0.0,7.600000000000001,15.585714285714287,14.5,63.0,71.57142857142857,0
2023-10-03,25.3,9.0,17.5,68,0.0,7.5,16.02857142857143,14.87857142857143,68.30000000000001,70.71428571428571,0
2023-10-04,24.9,11.5,17.8,74,3.1,7.800000000000001,16.428571428571427,15.214285714285714,73.00000000000001,70.85714285714286,0
2023-10-05,22.5,13.7,17.6,76,0.0,7.600000000000001,16.42857142857143,15.521428571428572,77.30000000000001,72.28571428571429,0
2023-10-06,23.5,16.0,18.9,72,0.1,8.899999999999999,16.54285714285714,15.842857142857143,81.80000000000001,73.14285714285714,0
2023-10-07,17.7,12.2,15.6,71,0.5,5.6,16.871428571428574,16.042857142857144,84.6,71.14285714285714,0
2023-10-08,22.8,10.5,16.4,65,0.0,6.399999999999999,17.342857142857145,16.20714285714286,86.9,69.57142857142857,0
2023-10-09,23.2,12.7,17.3,65,0.0,7.300000000000001,17.3,16.442857142857143,90.2,70.14285714285714,0
2023-10-10,26.0,10.6,17.8,70,0.0,7.800000000000001,17.342857142857145,16.685714285714287,93.6,70.42857142857143,0
2023-10-11,23.0,11.1,16.3,79,0.2,6.300000000000001,17.12857142857143,16.77857142857143,94.9,71.14285714285714,0
2023-10-12,18.3,12.5,14.6,86,3.0,4.6,16.7,16.564285714285713,91.9,72.57142857142857,0
2023-10-13,19.7,9.2,15.1,71,0.1,5.1,16.157142857142855,16.349999999999998,88.89999999999999,72.42857142857143,0
2023-10-14,25.7,13.5,18.8,62,0.3,8.8,16.614285714285714,16.742857142857144,94.4,71.14285714285714,0
2023-10-15,25.8,15.1,19.4,61,0.0,9.4,17.04285714285714,17.192857142857143,100.7,70.57142857142857,0
2023-10-16,28.1,10.6,19.7,68,0.0,9.7,17.385714285714286,17.34285714285714,102.8,71.0,0
2023-10-17,28.9,13.0,20.6,67,0.0,10.6,17.785714285714285,17.564285714285713,105.89999999999999,70.57142857142857,0
2023-10-18,27.6,11.5,19.5,68,0.0,9.5,18.24285714285714,17.685714285714287,107.6,69.0,0
2023-10-19,31.5,15.3,22.9,59,0.0,12.9,19.428571428571427,18.064285714285713,112.9,65.14285714285714,1
2023-10-20,24.2,13.4,19.2,76,0.0,9.2,20.014285714285712,18.085714285714285,113.2,65.85714285714286,1
2023-10-21,20.4,17.0,18.6,70,0.0,8.600000000000001,19.985714285714288,18.3,116.2,67.0,1
2023-10-22,27.3,13.8,20.1,61,0.0,10.1,20.085714285714285,18.564285714285717,119.9,67.0,1
2023-10-23,23.5,13.4,17.9,69,0.0,7.899999999999999,19.82857142857143,18.607142857142858,120.5,67.14285714285714,1
2023-10-24,21.0,12.3,16.1,79,2.3,6.100000000000001,19.185714285714287,18.485714285714288,118.80000000000001,68.85714285714286,1
2023-10-25,25.1,9.4,17.1,73,0.0,7.100000000000001,18.842857142857145,18.542857142857144,119.6,69.57142857142857,1
2023-10-26,26.1,10.9,17.0,77,0.0,7.0,18.0,18.714285714285715,122.0,72.14285714285714,1
2023-10-27,19.4,11.4,15.0,79,3.4,5.0,17.4,18.707142857142856,121.9,72.57142857142857,1
2023-10-28,20.3,10.9,14.8,62,0.1,4.800000000000001,16.857142857142858,18.42142857142857,117.89999999999999,71.42857142857143,1
2023-10-29,23.6,7.0,15.5,51,0.0,5.5,16.2,18.142857142857142,114.0,70.0,1
2023-10-30,25.2,6.8,16.6,51,0.0,6.600000000000001,16.014285714285716,17.92142857142857,110.9,67.42857142857143,0
2023-10-31,29.9,12.9,20.5,52,0.0,10.5,16.642857142857142,17.914285714285715,110.80000000000001,63.57142857142857,0
2023-11-01,32.0,14.5,22.7,50,0.0,12.7,17.442857142857143,18.142857142857146,114.00000000000001,60.285714285714285,1
2023-11-02,35.4,17.0,25.2,47,0.0,15.2,18.614285714285717,18.307142857142857,116.3,56.0,1
2023-11-03,25.1,14.5,19.2,67,0.3,9.2,19.214285714285715,18.307142857142857,116.3,54.285714285714285,1
2023-11-04,21.7,14.4,17.3,76,1.9,7.300000000000001,19.571428571428573,18.214285714285715,115.0,56.285714285714285,1
2023-11-05,26.8,10.5,18.4,71,0.0,8.399999999999999,19.985714285714284,18.092857142857145,113.3,59.142857142857146,1
2023-11-06,22.9,12.5,16.8,79,0.6,6.800000000000001,20.014285714285712,18.014285714285712,112.2,63.142857142857146,1
2023-11-07,20.2,11.9,15.6,76,3.6,5.6,19.314285714285713,17.97857142857143,111.69999999999999,66.57142857142857,0
2023-11-08,22.3,8.6,15.3,67,0.0,5.300000000000001,18.257142857142856,17.85,109.9,69.0,0
2023-11-09,29.4,8.9,19.1,65,0.0,9.1,17.385714285714283,18.0,112.0,71.57142857142857,1
2023-11-10,30.0,13.4,20.5,67,0.0,10.5,17.571428571428573,18.392857142857142,117.5,71.57142857142857,1
2023-11-11,23.4,14.6,18.2,70,0.3,8.2,17.7,18.635714285714283,120.9,70.71428571428571,1
2023-11-12,22.2,12.9,17.3,66,0.2,7.300000000000001,17.542857142857144,18.764285714285712,122.7,70.0,1
2023-11-13,29.3,11.3,20.2,56,0.0,10.2,18.02857142857143,19.021428571428572,126.3,66.71428571428571,1
2023-11-14,34.8,13.8,24.1,47,0.0,14.1,19.24285714285714,19.278571428571432,129.9,62.57142857142857,1
2023-11-15,37.9,16.3,24.8,48,0.0,14.8,20.599999999999998,19.428571428571427,132.0,59.857142857142854,1
2023-11-16,28.3,14.5,20.7,68,0.0,10.7,20.82857142857143,19.107142857142858,127.5,60.285714285714285,1
2023-11-17,25.7,14.3,19.1,73,0.0,9.1,20.62857142857143,19.1,127.4,61.142857142857146,1
2023-11-18,27.2,14.1,19.2,71,0.1,9.2,20.771428571428572,19.235714285714288,129.3,61.285714285714285,1
2023-11-19,25.4,13.3,19.1,71,0.0,9.1,21.02857142857143,19.285714285714285,130.0,62.0,1
2023-11-20,23.6,16.3,18.8,77,24.9,8.8,20.82857142857143,19.428571428571427,132.0,65.0,1
2023-11-21,21.6,14.6,17.6,74,8.0,7.600000000000001,19.900000000000002,19.571428571428573,134.0,68.85714285714286,1
2023-11-22,24.9,13.5,18.3,72,0.3,8.3,18.97142857142857,19.785714285714285,137.0,72.28571428571429,1
2023-11-23,26.2,15.7,19.9,69,0.1,9.9,18.857142857142858,19.842857142857145,137.8,72.42857142857143,1
2023-11-24,22.8,14.0,17.9,70,0.0,7.899999999999999,18.685714285714287,19.657142857142862,135.2,72.0,1
2023-11-25,24.7,10.9,18.3,69,0.0,8.3,18.557142857142857,19.664285714285715,135.3,71.71428571428571,1
2023-11-26,30.6,12.0,20.3,67,0.0,10.3,18.72857142857143,19.87857142857143,138.29999999999998,71.14285714285714,1
2023-11-27,29.3,14.0,21.3,61,0.0,11.3,19.085714285714285,19.95714285714286,139.4,68.85714285714286,1
2023-11-28,24.0,15.1,18.4,74,0.8,8.399999999999999,19.2,19.55,133.70000000000002,68.85714285714286,1
2023-11-29,30.4,13.1,21.2,54,0.0,11.2,19.61428571428571,19.292857142857144,130.1,66.28571428571429,1
2023-11-30,36.3,14.1,24.8,46,0.0,14.8,20.314285714285713,19.585714285714285,134.20000000000002,63.0,1
2023-12-01,25.2,14.1,19.9,62,0.0,9.9,20.599999999999998,19.642857142857142,135.0,61.857142857142854,1
2023-12-02,23.4,13.4,18.3,68,0.0,8.3,20.599999999999998,19.57857142857143,134.10000000000002,61.714285714285715,1
2023-12-03,23.8,12.4,17.7,65,0.0,7.699999999999999,20.228571428571428,19.478571428571428,132.7,61.42857142857143,1
2023-12-04,22.8,12.3,17.8,64,0.1,7.800000000000001,19.728571428571428,19.407142857142855,131.7,61.857142857142854,1
2023-12-05,29.1,11.6,20.3,57,0.0,10.3,20.0,19.599999999999998,134.4,59.42857142857143,1
2023-12-06,34.4,15.9,24.3,46,0.0,14.3,20.442857142857147,20.02857142857143,140.4,58.285714285714285,1
2023-12-07,32.2,16.0,22.6,62,0.0,12.6,20.12857142857143,20.22142857142857,143.1,60.57142857142857,1
2023-12-08,24.5,15.5,19.7,76,4.3,9.7,20.1,20.35,144.9,62.57142857142857,1
2023-12-09,24.7,14.7,19.5,60,0.9,9.5,20.271428571428572,20.435714285714287,146.1,61.42857142857143,1
2023-12-10,30.7,12.3,21.2,54,0.0,11.2,20.771428571428572,20.5,147.0,59.857142857142854,1
2023-12-11,28.0,11.9,20.1,64,0.0,10.1,21.099999999999998,20.414285714285715,145.8,59.857142857142854,1
2023-12-12,22.9,14.9,18.4,56,0.1,8.399999999999999,20.82857142857143,20.414285714285715,145.8,59.714285714285715,1
2023-12-13,26.3,11.4,18.8,58,0.0,8.8,20.042857142857144,20.242857142857144,143.4,61.42857142857143,1
2023-12-14,24.3,15.6,19.0,53,0.0,9.0,19.528571428571432,19.82857142857143,137.6,60.142857142857146,1
2023-12-15,29.1,12.7,20.4,56,0.0,10.4,19.62857142857143,19.86428571428571,138.1,57.285714285714285,1
2023-12-16,29.0,11.7,20.4,65,0.0,10.4,19.75714285714286,20.014285714285712,140.20000000000002,58.0,1
2023-12-17,24.1,13.0,18.8,69,0.0,8.8,19.414285714285715,20.092857142857138,141.3,60.142857142857146,1
2023-12-18,27.4,13.4,20.3,61,0.0,10.3,19.442857142857143,20.271428571428572,143.79999999999998,59.714285714285715,1
2023-12-19,30.2,12.2,21.6,55,0.0,11.6,19.900000000000002,20.364285714285717,145.1,59.57142857142857,1
2023-12-20,25.2,13.8,19.6,68,0.0,9.6,20.014285714285712,20.028571428571432,140.39999999999998,61.0,1
2023-12-21,33.6,12.3,23.0,54,0.0,13.0,20.585714285714285,20.057142857142857,140.8,61.142857142857146,1
2023-12-22,32.5,16.3,22.9,59,0.0,12.9,20.942857142857143,20.285714285714285,144.0,61.57142857142857,1
2023-12-23,29.4,18.8,23.0,69,0.2,13.0,21.314285714285717,20.535714285714285,147.5,62.142857142857146,1
2023-12-24,34.1,18.4,24.6,57,0.0,14.6,22.142857142857142,20.778571428571432,150.89999999999998,60.42857142857143,1
2023-12-25,28.7,18.2,22.1,56,0.0,12.1,22.400000000000002,20.92142857142857,152.9,59.714285714285715,1
2023-12-26,30.1,17.8,21.9,54,0.0,11.9,22.442857142857143,21.171428571428574,156.39999999999998,59.57142857142857,1
2023-12-27,34.9,15.9,24.5,44,0.0,14.5,23.142857142857142,21.57857142857143,162.10000000000002,56.142857142857146,1
2023-12-28,33.6,17.6,25.2,55,0.0,15.2,23.457142857142856,22.021428571428572,168.3,56.285714285714285,1
2023-12-29,36.6,16.8,26.2,57,0.0,16.2,23.928571428571427,22.435714285714287,174.1,56.0,1
2023-12-30,34.0,20.5,25.6,62,2.9,15.6,24.3,22.807142857142857,179.29999999999998,55.0,1
2023-12-31,31.0,21.3,25.0,61,0.5,15.0,24.357142857142858,23.25,185.5,55.57142857142857,1
