Category,Ticker,Date,Close_Price,Bullish_Probability,Signal
Moderate (Stocks),AAPL,2026-07-29,337.9,0.4774,BULLISH SIGNAL (P >= 0.4)
Moderate (Stocks),AAPL,2026-07-30,333.14,0.4845,BULLISH SIGNAL (P >= 0.4)
Moderate (Stocks),AAPL,2026-07-31,308.64,0.4994,BULLISH SIGNAL (P >= 0.4)
Moderate (Stocks),AAPL,2026-08-03,303.16,0.4598,BULLISH SIGNAL (P >= 0.4)
Moderate (Stocks),AAPL,2026-08-04,309.11,0.4514,BULLISH SIGNAL (P >= 0.4)
Moderate (Stocks),AAPL,2026-08-05,310.73,0.4353,BULLISH SIGNAL (P >= 0.4)
Moderate (Stocks),AAPL,2026-08-06,312.14,0.4351,BULLISH SIGNAL (P >= 0.4)
Moderate (Stocks),AAPL,2026-08-07,313.06,0.4347,BULLISH SIGNAL (P >= 0.4)
Moderate (Stocks),AAPL,2026-08-10,308.26,0.4485,BULLISH SIGNAL (P >= 0.4)
Moderate (Stocks),AAPL,2026-08-11,304.91,0.4293,BULLISH SIGNAL (P >= 0.4)
Moderate (Stocks),MSFT,2026-07-29,390.54,0.456,BULLISH SIGNAL (P >= 0.4)
Moderate (Stocks),MSFT,2026-07-30,451.1,0.5297,BULLISH SIGNAL (P >= 0.4)
Moderate (Stocks),MSFT,2026-07-31,464.72,0.5068,BULLISH SIGNAL (P >= 0.4)
Moderate (Stocks),MSFT,2026-08-03,487.65,0.5168,BULLISH SIGNAL (P >= 0.4)
Moderate (Stocks),MSFT,2026-08-04,492.81,0.5159,BULLISH SIGNAL (P >= 0.4)
Moderate (Stocks),MSFT,2026-08-05,487.46,0.5054,BULLISH SIGNAL (P >= 0.4)
Moderate (Stocks),MSFT,2026-08-06,499.86,0.5003,BULLISH SIGNAL (P >= 0.4)
Moderate (Stocks),MSFT,2026-08-07,499.99,0.4833,BULLISH SIGNAL (P >= 0.4)
Moderate (Stocks),MSFT,2026-08-10,506.06,0.4795,BULLISH SIGNAL (P >= 0.4)
Moderate (Stocks),MSFT,2026-08-11,503.81,0.4656,BULLISH SIGNAL (P >= 0.4)
Moderate (Stocks),NVDA,2026-07-29,190.01,0.5276,BULLISH SIGNAL (P >= 0.4)
Moderate (Stocks),NVDA,2026-07-30,195.04,0.5193,BULLISH SIGNAL (P >= 0.4)
Moderate (Stocks),NVDA,2026-07-31,200.75,0.5206,BULLISH SIGNAL (P >= 0.4)
Moderate (Stocks),NVDA,2026-08-03,206.64,0.5182,BULLISH SIGNAL (P >= 0.4)
Moderate (Stocks),NVDA,2026-08-04,211.94,0.5182,BULLISH SIGNAL (P >= 0.4)
Moderate (Stocks),NVDA,2026-08-05,219.22,0.5171,BULLISH SIGNAL (P >= 0.4)
Moderate (Stocks),NVDA,2026-08-06,218.99,0.5039,BULLISH SIGNAL (P >= 0.4)
Moderate (Stocks),NVDA,2026-08-07,223.96,0.5082,BULLISH SIGNAL (P >= 0.4)
Moderate (Stocks),NVDA,2026-08-10,217.55,0.5076,BULLISH SIGNAL (P >= 0.4)
Moderate (Stocks),NVDA,2026-08-11,217.5,0.5037,BULLISH SIGNAL (P >= 0.4)
Moderate (Stocks),AMZN,2026-07-29,226.65,0.5273,BULLISH SIGNAL (P >= 0.4)
Moderate (Stocks),AMZN,2026-07-30,235.5,0.5411,BULLISH SIGNAL (P >= 0.4)
Moderate (Stocks),AMZN,2026-07-31,271.58,0.5314,BULLISH SIGNAL (P >= 0.4)
Moderate (Stocks),AMZN,2026-08-03,284.02,0.537,BULLISH SIGNAL (P >= 0.4)
Moderate (Stocks),AMZN,2026-08-04,277.42,0.5319,BULLISH SIGNAL (P >= 0.4)
Moderate (Stocks),AMZN,2026-08-05,272.65,0.5147,BULLISH SIGNAL (P >= 0.4)
Moderate (Stocks),AMZN,2026-08-06,272.26,0.4992,BULLISH SIGNAL (P >= 0.4)
Moderate (Stocks),AMZN,2026-08-07,274.48,0.5038,BULLISH SIGNAL (P >= 0.4)
Moderate (Stocks),AMZN,2026-08-10,278.09,0.5064,BULLISH SIGNAL (P >= 0.4)
Moderate (Stocks),AMZN,2026-08-11,272.27,0.5008,BULLISH SIGNAL (P >= 0.4)
Moderate (Stocks),GOOGL,2026-07-29,336.71,0.4476,BULLISH SIGNAL (P >= 0.4)
Moderate (Stocks),GOOGL,2026-07-30,333.66,0.4518,BULLISH SIGNAL (P >= 0.4)
Moderate (Stocks),GOOGL,2026-07-31,356.13,0.4638,BULLISH SIGNAL (P >= 0.4)
Moderate (Stocks),GOOGL,2026-08-03,373.51,0.4527,BULLISH SIGNAL (P >= 0.4)
Moderate (Stocks),GOOGL,2026-08-04,377.65,0.4514,BULLISH SIGNAL (P >= 0.4)
Moderate (Stocks),GOOGL,2026-08-05,362.43,0.4808,BULLISH SIGNAL (P >= 0.4)
Moderate (Stocks),GOOGL,2026-08-06,357.75,0.444,BULLISH SIGNAL (P >= 0.4)
Moderate (Stocks),GOOGL,2026-08-07,354.3,0.4392,BULLISH SIGNAL (P >= 0.4)
Moderate (Stocks),GOOGL,2026-08-10,357.52,0.4392,BULLISH SIGNAL (P >= 0.4)
Moderate (Stocks),GOOGL,2026-08-11,343.8,0.4699,BULLISH SIGNAL (P >= 0.4)
High Volatility (Crypto),BTC-USD,2026-08-03,63460.9,0.3325,BEARISH / WEAK
High Volatility (Crypto),BTC-USD,2026-08-04,64055.95,0.3371,BEARISH / WEAK
High Volatility (Crypto),BTC-USD,2026-08-05,64597.5,0.3386,BEARISH / WEAK
High Volatility (Crypto),BTC-USD,2026-08-06,64262.11,0.3309,BEARISH / WEAK
High Volatility (Crypto),BTC-USD,2026-08-07,64880.19,0.3805,BEARISH / WEAK
High Volatility (Crypto),BTC-USD,2026-08-08,64904.69,0.3657,BEARISH / WEAK
High Volatility (Crypto),BTC-USD,2026-08-09,64844.89,0.3636,BEARISH / WEAK
High Volatility (Crypto),BTC-USD,2026-08-10,63910.59,0.3809,BEARISH / WEAK
High Volatility (Crypto),BTC-USD,2026-08-11,63551.88,0.3803,BEARISH / WEAK
High Volatility (Crypto),BTC-USD,2026-08-12,64099.34,0.3766,BEARISH / WEAK
High Volatility (Crypto),ETH-USD,2026-08-03,1858.26,0.4219,NEUTRAL / WATCHLIST
High Volatility (Crypto),ETH-USD,2026-08-04,1868.39,0.4205,NEUTRAL / WATCHLIST
High Volatility (Crypto),ETH-USD,2026-08-05,1906.53,0.4324,NEUTRAL / WATCHLIST
High Volatility (Crypto),ETH-USD,2026-08-06,1902.06,0.4269,NEUTRAL / WATCHLIST
High Volatility (Crypto),ETH-USD,2026-08-07,1913.28,0.4312,NEUTRAL / WATCHLIST
High Volatility (Crypto),ETH-USD,2026-08-08,1915.53,0.4129,NEUTRAL / WATCHLIST
High Volatility (Crypto),ETH-USD,2026-08-09,1908.68,0.4167,NEUTRAL / WATCHLIST
High Volatility (Crypto),ETH-USD,2026-08-10,1871.28,0.4253,NEUTRAL / WATCHLIST
High Volatility (Crypto),ETH-USD,2026-08-11,1881.37,0.4243,NEUTRAL / WATCHLIST
High Volatility (Crypto),ETH-USD,2026-08-12,1909.52,0.4253,NEUTRAL / WATCHLIST
High Volatility (Crypto),SOL-USD,2026-08-03,73.47,0.548,BULLISH SIGNAL (P >= 0.48)
High Volatility (Crypto),SOL-USD,2026-08-04,73.72,0.5526,BULLISH SIGNAL (P >= 0.48)
High Volatility (Crypto),SOL-USD,2026-08-05,73.96,0.5528,BULLISH SIGNAL (P >= 0.48)
High Volatility (Crypto),SOL-USD,2026-08-06,72.58,0.5526,BULLISH SIGNAL (P >= 0.48)
High Volatility (Crypto),SOL-USD,2026-08-07,73.64,0.5526,BULLISH SIGNAL (P >= 0.48)
High Volatility (Crypto),SOL-USD,2026-08-08,75.97,0.5517,BULLISH SIGNAL (P >= 0.48)
High Volatility (Crypto),SOL-USD,2026-08-09,76.21,0.5511,BULLISH SIGNAL (P >= 0.48)
High Volatility (Crypto),SOL-USD,2026-08-10,75.95,0.5481,BULLISH SIGNAL (P >= 0.48)
High Volatility (Crypto),SOL-USD,2026-08-11,76.2,0.5418,BULLISH SIGNAL (P >= 0.48)
High Volatility (Crypto),SOL-USD,2026-08-12,76.73,0.5561,BULLISH SIGNAL (P >= 0.48)
High Volatility (Crypto),BNB-USD,2026-08-03,588.8,0.4151,NEUTRAL / WATCHLIST
High Volatility (Crypto),BNB-USD,2026-08-04,592.81,0.4215,NEUTRAL / WATCHLIST
High Volatility (Crypto),BNB-USD,2026-08-05,593.22,0.4344,NEUTRAL / WATCHLIST
High Volatility (Crypto),BNB-USD,2026-08-06,591.65,0.427,NEUTRAL / WATCHLIST
High Volatility (Crypto),BNB-USD,2026-08-07,592.2,0.4306,NEUTRAL / WATCHLIST
High Volatility (Crypto),BNB-USD,2026-08-08,600.42,0.4245,NEUTRAL / WATCHLIST
High Volatility (Crypto),BNB-USD,2026-08-09,601.77,0.427,NEUTRAL / WATCHLIST
High Volatility (Crypto),BNB-USD,2026-08-10,598.69,0.4354,NEUTRAL / WATCHLIST
High Volatility (Crypto),BNB-USD,2026-08-11,616.5,0.4547,NEUTRAL / WATCHLIST
High Volatility (Crypto),BNB-USD,2026-08-12,613.42,0.4464,NEUTRAL / WATCHLIST
High Volatility (Crypto),DOGE-USD,2026-08-03,0.07,0.393,BEARISH / WEAK
High Volatility (Crypto),DOGE-USD,2026-08-04,0.07,0.3895,BEARISH / WEAK
High Volatility (Crypto),DOGE-USD,2026-08-05,0.07,0.3908,BEARISH / WEAK
High Volatility (Crypto),DOGE-USD,2026-08-06,0.07,0.4002,NEUTRAL / WATCHLIST
High Volatility (Crypto),DOGE-USD,2026-08-07,0.07,0.4111,NEUTRAL / WATCHLIST
High Volatility (Crypto),DOGE-USD,2026-08-08,0.07,0.3788,BEARISH / WEAK
High Volatility (Crypto),DOGE-USD,2026-08-09,0.07,0.3645,BEARISH / WEAK
High Volatility (Crypto),DOGE-USD,2026-08-10,0.07,0.3655,BEARISH / WEAK
High Volatility (Crypto),DOGE-USD,2026-08-11,0.07,0.4329,NEUTRAL / WATCHLIST
High Volatility (Crypto),DOGE-USD,2026-08-12,0.07,0.47,NEUTRAL / WATCHLIST
