region,year,week,ftd
Elgin & Grabouw,2010,1,0.11
Elgin & Grabouw,2010,2,0.2
Elgin & Grabouw,2010,3,0.32
Elgin & Grabouw,2010,4,0.46
Elgin & Grabouw,2010,5,0.25
Elgin & Grabouw,2010,6,0.11
Elgin & Grabouw,2010,7,0.38
Elgin & Grabouw,2010,8,0.68
Elgin & Grabouw,2010,9,1.6
Elgin & Grabouw,2010,10,0.76
Elgin & Grabouw,2010,11,0.67
Elgin & Grabouw,2010,12,0.92
Elgin & Grabouw,2010,13,0.58
Elgin & Grabouw,2010,14,0.91
Elgin & Grabouw,2010,15,1.09
Elgin & Grabouw,2010,16,0.92
Elgin & Grabouw,2010,17,1.11
Elgin & Grabouw,2010,18,0.94
Elgin & Grabouw,2010,19,0.55
Elgin & Grabouw,2010,20,0.64
Elgin & Grabouw,2010,21,0.84
Elgin & Grabouw,2010,22,0.36
Elgin & Grabouw,2010,23,0.48
Elgin & Grabouw,2010,24,0.35
Elgin & Grabouw,2010,25,0.28
Elgin & Grabouw,2010,26,0.24
Elgin & Grabouw,2010,27,0.2
Elgin & Grabouw,2010,28,0.36
Elgin & Grabouw,2010,29,0.16
Elgin & Grabouw,2010,30,0.31
Elgin & Grabouw,2010,31,0.15
Elgin & Grabouw,2010,32,0.15
Elgin & Grabouw,2010,33,0.16
Elgin & Grabouw,2010,34,0.09
Elgin & Grabouw,2010,35,0.03
Elgin & Grabouw,2010,36,0.04
Elgin & Grabouw,2010,37,0.03
Elgin & Grabouw,2010,38,0.04
Elgin & Grabouw,2010,39,0.02
Elgin & Grabouw,2010,40,0.08
Elgin & Grabouw,2010,41,0.06
Elgin & Grabouw,2010,42,0.1
Elgin & Grabouw,2010,43,0.06
Elgin & Grabouw,2010,44,0.0
Elgin & Grabouw,2010,45,0.0
Elgin & Grabouw,2010,46,0.0
Elgin & Grabouw,2010,47,0.0
Elgin & Grabouw,2010,48,0.0
Elgin & Grabouw,2010,49,0.0
Elgin & Grabouw,2010,50,0.0
Elgin & Grabouw,2010,51,0.0
Elgin & Grabouw,2010,52,0.0
Elgin & Grabouw,2011,1,0.12
Elgin & Grabouw,2011,2,0.25
Elgin & Grabouw,2011,3,0.3
Elgin & Grabouw,2011,4,0.39
Elgin & Grabouw,2011,5,0.51
Elgin & Grabouw,2011,6,0.55
Elgin & Grabouw,2011,7,0.98
Elgin & Grabouw,2011,8,1.14
Elgin & Grabouw,2011,9,0.97
Elgin & Grabouw,2011,10,0.93
Elgin & Grabouw,2011,11,0.82
Elgin & Grabouw,2011,12,1.25
Elgin & Grabouw,2011,13,1.17
Elgin & Grabouw,2011,14,1.11
Elgin & Grabouw,2011,15,2.15
Elgin & Grabouw,2011,16,1.93
Elgin & Grabouw,2011,17,1.33
Elgin & Grabouw,2011,18,1.32
Elgin & Grabouw,2011,19,1.42
Elgin & Grabouw,2011,20,1.64
Elgin & Grabouw,2011,21,0.44
Elgin & Grabouw,2011,22,0.44
Elgin & Grabouw,2011,23,0.16
Elgin & Grabouw,2011,24,0.13
Elgin & Grabouw,2011,25,0.12
Elgin & Grabouw,2011,26,0.05
Elgin & Grabouw,2011,27,0.05
Elgin & Grabouw,2011,28,0.05
Elgin & Grabouw,2011,29,0.06
Elgin & Grabouw,2011,30,0.09
Elgin & Grabouw,2011,31,0.05
Elgin & Grabouw,2011,32,0.05
Elgin & Grabouw,2011,33,0.02
Elgin & Grabouw,2011,34,0.02
Elgin & Grabouw,2011,35,0.01
Elgin & Grabouw,2011,36,0.01
Elgin & Grabouw,2011,37,0.01
Elgin & Grabouw,2011,38,0.01
Elgin & Grabouw,2011,39,0.01
Elgin & Grabouw,2011,40,0.01
Elgin & Grabouw,2011,41,0.02
Elgin & Grabouw,2011,42,0.01
Elgin & Grabouw,2011,43,0.01
Elgin & Grabouw,2011,44,0.09
Elgin & Grabouw,2011,45,0.06
Elgin & Grabouw,2011,46,0.04
Elgin & Grabouw,2011,47,0.04
Elgin & Grabouw,2011,48,0.04
Elgin & Grabouw,2011,49,0.04
Elgin & Grabouw,2011,50,0.06
Elgin & Grabouw,2011,51,0.06
Elgin & Grabouw,2011,52,0.12
Elgin & Grabouw,2012,1,0.03
Elgin & Grabouw,2012,2,0.05
Elgin & Grabouw,2012,3,0.23
Elgin & Grabouw,2012,4,0.26
Elgin & Grabouw,2012,5,0.26
Elgin & Grabouw,2012,6,0.19
Elgin & Grabouw,2012,7,0.25
Elgin & Grabouw,2012,8,0.28
Elgin & Grabouw,2012,9,0.28
Elgin & Grabouw,2012,10,0.3
Elgin & Grabouw,2012,11,0.37
Elgin & Grabouw,2012,12,0.81
Elgin & Grabouw,2012,13,0.9
Elgin & Grabouw,2012,14,0.77
Elgin & Grabouw,2012,15,0.79
Elgin & Grabouw,2012,16,0.71
Elgin & Grabouw,2012,17,0.69
Elgin & Grabouw,2012,18,0.51
Elgin & Grabouw,2012,19,0.66
Elgin & Grabouw,2012,20,1.44
Elgin & Grabouw,2012,21,0.5
Elgin & Grabouw,2012,22,0.69
Elgin & Grabouw,2012,23,0.14
Elgin & Grabouw,2012,24,0.13
Elgin & Grabouw,2012,25,0.14
Elgin & Grabouw,2012,26,0.02
Elgin & Grabouw,2012,27,0.01
Elgin & Grabouw,2012,28,0.01
Elgin & Grabouw,2012,29,0.01
Elgin & Grabouw,2012,30,0.01
Elgin & Grabouw,2012,31,0.08
Elgin & Grabouw,2012,32,0.01
Elgin & Grabouw,2012,33,0.01
Elgin & Grabouw,2012,34,0.01
Elgin & Grabouw,2012,35,0.01
Elgin & Grabouw,2012,36,0.01
Elgin & Grabouw,2012,37,0.01
Elgin & Grabouw,2012,38,0.01
Elgin & Grabouw,2012,39,0.01
Elgin & Grabouw,2012,40,0.0
Elgin & Grabouw,2012,41,0.0
Elgin & Grabouw,2012,42,0.01
Elgin & Grabouw,2012,43,0.0
Elgin & Grabouw,2012,44,0.0
Elgin & Grabouw,2012,45,0.0
Elgin & Grabouw,2012,46,0.0
Elgin & Grabouw,2012,47,0.02
Elgin & Grabouw,2012,48,0.01
Elgin & Grabouw,2012,49,0.02
Elgin & Grabouw,2012,50,0.02
Elgin & Grabouw,2012,51,0.02
Elgin & Grabouw,2012,52,0.02
Elgin & Grabouw,2013,1,0.05
Elgin & Grabouw,2013,2,0.05
Elgin & Grabouw,2013,3,0.06
Elgin & Grabouw,2013,4,0.18
Elgin & Grabouw,2013,5,0.15
Elgin & Grabouw,2013,6,0.16
Elgin & Grabouw,2013,7,0.21
Elgin & Grabouw,2013,8,0.31
Elgin & Grabouw,2013,9,0.14
Elgin & Grabouw,2013,10,0.25
Elgin & Grabouw,2013,11,0.17
Elgin & Grabouw,2013,12,0.65
Elgin & Grabouw,2013,13,0.25
Elgin & Grabouw,2013,14,0.16
Elgin & Grabouw,2013,15,0.2
Elgin & Grabouw,2013,16,0.7
Elgin & Grabouw,2013,17,0.5
Elgin & Grabouw,2013,18,0.62
Elgin & Grabouw,2013,19,0.63
Elgin & Grabouw,2013,20,0.68
Elgin & Grabouw,2013,21,0.55
Elgin & Grabouw,2013,22,0.35
Elgin & Grabouw,2013,23,0.3
Elgin & Grabouw,2013,24,0.03
Elgin & Grabouw,2013,25,0.08
Elgin & Grabouw,2013,26,0.0
Elgin & Grabouw,2013,27,0.0
Elgin & Grabouw,2013,28,0.0
Elgin & Grabouw,2013,29,0.0
Elgin & Grabouw,2013,30,0.03
Elgin & Grabouw,2013,31,0.0
Elgin & Grabouw,2013,32,0.06
Elgin & Grabouw,2013,33,0.01
Elgin & Grabouw,2013,34,0.03
Elgin & Grabouw,2013,35,0.01
Elgin & Grabouw,2013,36,0.0
Elgin & Grabouw,2013,37,0.01
Elgin & Grabouw,2013,38,0.0
Elgin & Grabouw,2013,39,0.0
Elgin & Grabouw,2013,40,0.01
Elgin & Grabouw,2013,41,0.03
Elgin & Grabouw,2013,42,0.03
Elgin & Grabouw,2013,43,0.01
Elgin & Grabouw,2013,44,0.0
Elgin & Grabouw,2013,45,0.0
Elgin & Grabouw,2013,46,0.01
Elgin & Grabouw,2013,47,0.01
Elgin & Grabouw,2013,48,0.01
Elgin & Grabouw,2013,49,0.02
Elgin & Grabouw,2013,50,0.03
Elgin & Grabouw,2013,51,0.02
Elgin & Grabouw,2013,52,0.05
Elgin & Grabouw,2014,1,0.05
Elgin & Grabouw,2014,2,0.05
Elgin & Grabouw,2014,3,0.05
Elgin & Grabouw,2014,4,0.09
Elgin & Grabouw,2014,5,0.14
Elgin & Grabouw,2014,6,0.11
Elgin & Grabouw,2014,7,0.1
Elgin & Grabouw,2014,8,0.16
Elgin & Grabouw,2014,9,0.23
Elgin & Grabouw,2014,10,0.38
Elgin & Grabouw,2014,11,0.39
Elgin & Grabouw,2014,12,0.39
Elgin & Grabouw,2014,13,0.19
Elgin & Grabouw,2014,14,0.36
Elgin & Grabouw,2014,15,0.47
Elgin & Grabouw,2014,16,0.81
Elgin & Grabouw,2014,17,0.71
Elgin & Grabouw,2014,18,0.52
Elgin & Grabouw,2014,19,1.09
Elgin & Grabouw,2014,20,0.6
Elgin & Grabouw,2014,21,0.47
Elgin & Grabouw,2014,22,0.34
Elgin & Grabouw,2014,23,0.14
Elgin & Grabouw,2014,24,0.04
Elgin & Grabouw,2014,25,0.09
Elgin & Grabouw,2014,26,0.1
Elgin & Grabouw,2014,27,0.04
Elgin & Grabouw,2014,28,0.04
Elgin & Grabouw,2014,29,0.04
Elgin & Grabouw,2014,30,0.04
Elgin & Grabouw,2014,31,0.03
Elgin & Grabouw,2014,32,0.03
Elgin & Grabouw,2014,33,0.02
Elgin & Grabouw,2014,34,0.04
Elgin & Grabouw,2014,35,0.01
Elgin & Grabouw,2014,36,0.01
Elgin & Grabouw,2014,37,0.02
Elgin & Grabouw,2014,38,0.07
Elgin & Grabouw,2014,39,0.06
Elgin & Grabouw,2014,40,0.06
Elgin & Grabouw,2014,41,0.025
Elgin & Grabouw,2014,42,0.016
Elgin & Grabouw,2014,43,0.02
Elgin & Grabouw,2014,44,0.03
Elgin & Grabouw,2014,45,0.01
Elgin & Grabouw,2014,46,0.015
Elgin & Grabouw,2014,47,0.017
Elgin & Grabouw,2014,48,0.026
Elgin & Grabouw,2014,49,0.047
Elgin & Grabouw,2014,50,0.037
Elgin & Grabouw,2014,51,0.038
Elgin & Grabouw,2014,52,0.02
Elgin & Grabouw,2015,1,0.021
Elgin & Grabouw,2015,2,0.023
Elgin & Grabouw,2015,3,0.184
Elgin & Grabouw,2015,4,0.149
Elgin & Grabouw,2015,5,0.379
Elgin & Grabouw,2015,6,0.166
Elgin & Grabouw,2015,7,0.146
Elgin & Grabouw,2015,8,0.17
Elgin & Grabouw,2015,9,0.26
Elgin & Grabouw,2015,10,0.34
Elgin & Grabouw,2015,11,0.19
Elgin & Grabouw,2015,12,0.17
Elgin & Grabouw,2015,13,0.52
Elgin & Grabouw,2015,14,0.4
Elgin & Grabouw,2015,15,0.249
Elgin & Grabouw,2015,16,1.44
Elgin & Grabouw,2015,17,0.82
Elgin & Grabouw,2015,18,0.85
Elgin & Grabouw,2015,19,1.05
Elgin & Grabouw,2015,20,0.557
Elgin & Grabouw,2015,21,0.851
Elgin & Grabouw,2015,22,1.006
Elgin & Grabouw,2015,23,0.45
Elgin & Grabouw,2017,39,0.053
Elgin & Grabouw,2017,40,0.068
Elgin & Grabouw,2017,41,0.007
Elgin & Grabouw,2017,42,0.025
Elgin & Grabouw,2017,43,0.023
Elgin & Grabouw,2017,44,0.082
Elgin & Grabouw,2017,45,0.06
Elgin & Grabouw,2017,46,0.044
Elgin & Grabouw,2017,47,0.041
Elgin & Grabouw,2017,48,0.086
Elgin & Grabouw,2017,49,0.082
Elgin & Grabouw,2017,50,0.129
Elgin & Grabouw,2017,51,0.083
Elgin & Grabouw,2018,1,0.092
Elgin & Grabouw,2018,2,0.173
Elgin & Grabouw,2018,3,0.18
Elgin & Grabouw,2018,4,0.244
Elgin & Grabouw,2018,5,0.149
Elgin & Grabouw,2018,6,0.136
Elgin & Grabouw,2018,7,0.326
Elgin & Grabouw,2018,8,0.402
Elgin & Grabouw,2018,9,0.653
Elgin & Grabouw,2018,10,0.685
Elgin & Grabouw,2018,11,0.272
Elgin & Grabouw,2018,12,0.326
Elgin & Grabouw,2018,13,0.436
Elgin & Grabouw,2018,14,0.487
Elgin & Grabouw,2018,15,0.597
Elgin & Grabouw,2018,16,0.866
Elgin & Grabouw,2018,17,0.431
Elgin & Grabouw,2018,18,0.533
Elgin & Grabouw,2018,19,0.64
Elgin & Grabouw,2018,20,0.251
Elgin & Grabouw,2018,21,0.304
Elgin & Grabouw,2018,22,0.114
Elgin & Grabouw,2018,23,0.034
Elgin & Grabouw,2018,24,0.109
Elgin & Grabouw,2018,25,0.129
Elgin & Grabouw,2018,30,0.074
Elgin & Grabouw,2018,31,0.025
Elgin & Grabouw,2018,32,0.027
Elgin & Grabouw,2018,33,0.011
Elgin & Grabouw,2018,34,0.06
Elgin & Grabouw,2018,35,0.008
Elgin & Grabouw,2018,36,0.008
Elgin & Grabouw,2018,37,0.006
Elgin & Grabouw,2018,38,0.013
Elgin & Grabouw,2018,39,0.016
Elgin & Grabouw,2018,40,0.07
Elgin & Grabouw,2018,41,0.113
Elgin & Grabouw,2018,42,0.014
Elgin & Grabouw,2018,43,0.06
Elgin & Grabouw,2018,44,0.105
Elgin & Grabouw,2018,45,0.03
Elgin & Grabouw,2018,46,0.046
Elgin & Grabouw,2018,47,0.067
Elgin & Grabouw,2018,48,0.122
Elgin & Grabouw,2018,49,0.0359
Elgin & Grabouw,2018,50,0.473
Elgin & Grabouw,2018,51,0.378
Elgin & Grabouw,2019,2,0.217
Elgin & Grabouw,2019,3,0.046
Elgin & Grabouw,2019,4,0.401
Elgin & Grabouw,2019,5,0.409
Elgin & Grabouw,2019,6,0.205
Elgin & Grabouw,2019,7,0.121
Elgin & Grabouw,2019,8,0.279
Elgin & Grabouw,2019,9,0.189
Elgin & Grabouw,2019,10,0.194
Elgin & Grabouw,2019,11,0.159
Elgin & Grabouw,2019,12,0.292
Elgin & Grabouw,2019,13,0.3
Elgin & Grabouw,2019,14,0.477
Elgin & Grabouw,2019,15,0.447
Elgin & Grabouw,2019,16,0.299
Elgin & Grabouw,2019,17,0.27
Elgin & Grabouw,2019,18,0.446
Elgin & Grabouw,2019,19,0.196
Elgin & Grabouw,2019,20,0.168
Elgin & Grabouw,2019,21,0.045
Elgin & Grabouw,2019,22,0.063
Elgin & Grabouw,2019,23,0.024
Elgin & Grabouw,2019,24,0.047
Elgin & Grabouw,2019,25,0.033
Elgin & Grabouw,2019,26,0.038
Elgin & Grabouw,2019,27,0.01
Elgin & Grabouw,2019,28,0.013
Elgin & Grabouw,2019,29,0.018
Elgin & Grabouw,2019,30,0.006
Elgin & Grabouw,2019,31,0.02
Elgin & Grabouw,2019,32,0.002
Elgin & Grabouw,2019,33,0.061
Elgin & Grabouw,2019,34,0.001
Elgin & Grabouw,2019,35,0.0
Elgin & Grabouw,2019,36,0.216
Elgin & Grabouw,2019,37,0.057
Elgin & Grabouw,2019,38,0.06
Elgin & Grabouw,2019,39,0.016
Elgin & Grabouw,2019,40,0.03
Elgin & Grabouw,2019,41,0.046
Elgin & Grabouw,2019,42,0.044
Elgin & Grabouw,2019,43,0.051
Elgin & Grabouw,2019,44,0.012
Elgin & Grabouw,2019,45,0.038
Elgin & Grabouw,2019,46,0.149
Elgin & Grabouw,2019,47,0.04
Elgin & Grabouw,2019,48,0.154
Elgin & Grabouw,2019,49,0.21
Elgin & Grabouw,2019,50,0.285
Elgin & Grabouw,2019,51,0.204
Elgin & Grabouw,2020,1,0.217
Elgin & Grabouw,2020,2,0.217
Elgin & Grabouw,2020,3,0.277
Elgin & Grabouw,2020,4,0.197
Elgin & Grabouw,2020,5,0.071
Elgin & Grabouw,2020,6,0.072
Elgin & Grabouw,2020,7,0.175
Elgin & Grabouw,2020,8,0.28
Elgin & Grabouw,2020,9,0.531
Elgin & Grabouw,2020,10,0.354
Elgin & Grabouw,2020,11,0.687
Elgin & Grabouw,2020,12,0.693
Elgin & Grabouw,2020,13,0.868
Elgin & Grabouw,2020,23,0.125
Elgin & Grabouw,2020,28,0.341
Elgin & Grabouw,2020,29,0.265
Elgin & Grabouw,2020,30,0.114
Elgin & Grabouw,2020,31,0.068
Elgin & Grabouw,2020,32,0.231
Elgin & Grabouw,2020,33,0.013
Elgin & Grabouw,2020,34,0.005
Elgin & Grabouw,2020,35,0.018
Elgin & Grabouw,2020,36,0.013
Elgin & Grabouw,2020,37,0.013
Elgin & Grabouw,2020,38,0.032
Elgin & Grabouw,2020,39,0.01
Elgin & Grabouw,2020,40,0.025
Elgin & Grabouw,2020,41,0.016
Elgin & Grabouw,2020,42,0.038
Elgin & Grabouw,2020,43,0.028
Elgin & Grabouw,2020,44,0.036
Elgin & Grabouw,2020,45,0.041
Elgin & Grabouw,2020,46,0.011
Elgin & Grabouw,2020,47,0.022
Elgin & Grabouw,2020,48,0.092
Elgin & Grabouw,2020,49,0.059
Elgin & Grabouw,2020,50,0.105
Elgin & Grabouw,2020,51,0.111
Elgin & Grabouw,2020,52,0.046
Elgin & Grabouw,2021,1,0.112
Elgin & Grabouw,2021,2,0.112
Elgin & Grabouw,2021,3,0.084
Elgin & Grabouw,2021,4,0.187
Elgin & Grabouw,2021,5,0.24
Elgin & Grabouw,2021,6,0.205
Elgin & Grabouw,2021,7,0.12
Elgin & Grabouw,2021,8,0.193
Elgin & Grabouw,2021,9,0.303
Elgin & Grabouw,2021,10,0.2
Elgin & Grabouw,2021,11,0.235
Elgin & Grabouw,2021,12,0.401
Elgin & Grabouw,2021,13,0.487
Elgin & Grabouw,2021,14,0.302
Elgin & Grabouw,2021,15,0.323
Elgin & Grabouw,2021,16,0.466
Elgin & Grabouw,2021,17,0.345
Elgin & Grabouw,2021,18,0.3
Elgin & Grabouw,2021,19,0.171
Elgin & Grabouw,2021,20,0.151
Elgin & Grabouw,2021,21,0.105
Elgin & Grabouw,2021,22,0.022
Elgin & Grabouw,2021,23,0.073
Elgin & Grabouw,2021,24,0.095
Elgin & Grabouw,2021,25,0.158
Elgin & Grabouw,2021,30,0.083
Elgin & Grabouw,2021,31,0.029
Elgin & Grabouw,2021,32,0.029
Elgin & Grabouw,2021,33,0.019
Elgin & Grabouw,2021,34,0.019
Elgin & Grabouw,2021,35,0.003
Elgin & Grabouw,2021,36,0.0
Elgin & Grabouw,2021,37,0.002
Elgin & Grabouw,2021,38,0.0
Elgin & Grabouw,2021,39,0.003
Elgin & Grabouw,2021,40,0.002
Elgin & Grabouw,2021,41,0.05
Elgin & Grabouw,2021,42,0.04
Elgin & Grabouw,2021,43,0.037
Elgin & Grabouw,2021,44,0.021
Elgin & Grabouw,2021,45,0.009
Elgin & Grabouw,2021,46,0.012
Elgin & Grabouw,2021,47,0.014
Elgin & Grabouw,2021,48,0.042
Elgin & Grabouw,2021,49,0.057
Elgin & Grabouw,2021,50,0.041
Elgin & Grabouw,2021,51,0.098
Elgin & Grabouw,2021,52,0.061
Elgin & Grabouw,2022,1,0.067
Elgin & Grabouw,2022,2,0.054
Elgin & Grabouw,2022,3,0.023
Elgin & Grabouw,2022,4,0.026
Elgin & Grabouw,2022,5,0.049
Elgin & Grabouw,2022,6,0.063
Elgin & Grabouw,2022,7,0.046
Elgin & Grabouw,2022,8,0.101
Elgin & Grabouw,2022,9,0.231
Elgin & Grabouw,2022,10,0.13
Elgin & Grabouw,2022,11,0.164
Elgin & Grabouw,2022,12,0.213
Elgin & Grabouw,2022,13,0.463
Elgin & Grabouw,2022,14,0.621
Elgin & Grabouw,2022,15,0.37
Elgin & Grabouw,2022,16,0.559
Elgin & Grabouw,2022,17,0.104
Elgin & Grabouw,2022,18,0.113
Elgin & Grabouw,2022,19,0.131
Elgin & Grabouw,2022,20,0.0
Elgin & Grabouw,2022,21,0.154
Elgin & Grabouw,2022,22,0.119
Elgin & Grabouw,2022,23,0.099
Elgin & Grabouw,2022,24,0.046
Elgin & Grabouw,2022,25,0.025
Elgin & Grabouw,2022,26,0.149
Elgin & Grabouw,2022,33,0.569
Elgin & Grabouw,2022,34,0.007
Elgin & Grabouw,2022,35,0.013
Elgin & Grabouw,2022,36,0.004
Elgin & Grabouw,2022,37,0.013
Elgin & Grabouw,2022,38,0.037
Elgin & Grabouw,2022,39,0.028
Elgin & Grabouw,2022,40,0.016
Elgin & Grabouw,2022,41,0.01
Elgin & Grabouw,2022,42,0.012
Elgin & Grabouw,2022,43,0.024
Elgin & Grabouw,2022,44,0.016
Elgin & Grabouw,2022,45,0.013
Elgin & Grabouw,2022,46,0.026
Elgin & Grabouw,2022,47,0.03
Elgin & Grabouw,2022,48,0.067
Elgin & Grabouw,2022,49,0.096
Elgin & Grabouw,2022,50,0.12
Elgin & Grabouw,2022,51,0.254
Elgin & Grabouw,2022,52,0.122
Elgin & Grabouw,2023,1,0.193
Elgin & Grabouw,2023,2,0.158
Elgin & Grabouw,2023,3,0.085
Elgin & Grabouw,2023,4,0.071
Elgin & Grabouw,2023,5,0.052
Elgin & Grabouw,2023,6,0.122
Elgin & Grabouw,2023,7,0.074
Elgin & Grabouw,2023,8,0.119
Elgin & Grabouw,2023,9,0.045
Elgin & Grabouw,2023,10,0.144
Elgin & Grabouw,2023,11,0.204
Elgin & Grabouw,2023,12,0.403
Elgin & Grabouw,2023,13,0.627
Elgin & Grabouw,2023,14,0.655
Elgin & Grabouw,2023,15,0.523
Elgin & Grabouw,2023,16,0.462
Elgin & Grabouw,2023,17,0.229
Elgin & Grabouw,2023,18,0.346
Elgin & Grabouw,2023,19,0.282
Elgin & Grabouw,2023,20,0.247
Elgin & Grabouw,2023,21,0.225
Elgin & Grabouw,2023,22,0.162
Elgin & Grabouw,2023,23,0.023
Elgin & Grabouw,2023,24,0.052
Elgin & Grabouw,2023,25,0.035
Elgin & Grabouw,2023,30,0.139
Elgin & Grabouw,2023,31,0.017
Elgin & Grabouw,2023,32,0.034
Elgin & Grabouw,2023,33,0.018
Elgin & Grabouw,2023,34,0.013
Elgin & Grabouw,2023,35,0.001
Elgin & Grabouw,2023,36,0.003
Elgin & Grabouw,2023,37,0.001
Elgin & Grabouw,2023,38,0.002
Elgin & Grabouw,2023,39,0.0
Elgin & Grabouw,2023,40,0.005
Elgin & Grabouw,2023,41,0.0
Elgin & Grabouw,2023,42,0.002
Elgin & Grabouw,2023,43,0.014
Elgin & Grabouw,2023,44,0.001
Elgin & Grabouw,2023,45,0.004
Elgin & Grabouw,2023,46,0.006
Elgin & Grabouw,2023,47,0.006
Elgin & Grabouw,2023,48,0.008
Elgin & Grabouw,2023,49,0.022
Elgin & Grabouw,2023,50,0.03
Elgin & Grabouw,2023,51,0.023
Elgin & Grabouw,2023,52,0.033
Elgin & Grabouw,2024,1,0.095
Elgin & Grabouw,2024,2,0.074
Elgin & Grabouw,2024,3,0.032
Elgin & Grabouw,2024,4,0.045
Elgin & Grabouw,2024,5,0.086
Elgin & Grabouw,2024,6,0.092
Elgin & Grabouw,2024,7,0.182
Elgin & Grabouw,2024,8,0.08
Elgin & Grabouw,2024,9,0.118
Elgin & Grabouw,2024,10,0.161
Elgin & Grabouw,2024,11,0.152
Elgin & Grabouw,2024,12,0.183
Elgin & Grabouw,2024,13,0.277
Elgin & Grabouw,2024,14,0.233
Elgin & Grabouw,2024,15,0.149
Elgin & Grabouw,2024,16,0.197
Elgin & Grabouw,2024,17,0.192
Elgin & Grabouw,2024,18,0.203
Elgin & Grabouw,2024,19,0.256
Elgin & Grabouw,2024,20,0.268
Elgin & Grabouw,2024,21,0.57
Elgin & Grabouw,2024,22,0.178
Elgin & Grabouw,2024,23,0.055
Elgin & Grabouw,2024,24,0.041
Elgin & Grabouw,2024,30,0.149
Elgin & Grabouw,2024,31,0.026
Elgin & Grabouw,2024,32,0.02
Elgin & Grabouw,2024,33,0.019
Elgin & Grabouw,2024,34,0.016
Elgin & Grabouw,2024,35,0.005
Elgin & Grabouw,2024,36,0.067
Elgin & Grabouw,2024,37,0.034
Elgin & Grabouw,2024,38,0.066
Elgin & Grabouw,2024,39,0.111
Elgin & Grabouw,2024,40,0.06
Elgin & Grabouw,2024,41,0.022
Elgin & Grabouw,2024,42,0.008
Elgin & Grabouw,2024,43,0.012
Elgin & Grabouw,2024,44,0.015
Elgin & Grabouw,2024,45,0.023
Elgin & Grabouw,2024,46,0.015
Elgin & Grabouw,2024,47,0.035
Elgin & Grabouw,2024,48,0.045
Elgin & Grabouw,2024,49,0.063
Elgin & Grabouw,2024,50,0.042
Elgin & Grabouw,2024,51,0.023
Elgin & Grabouw,2024,52,0.011
Elgin & Grabouw,2025,1,0.051
Elgin & Grabouw,2025,2,0.069
Elgin & Grabouw,2025,3,0.028
Elgin & Grabouw,2025,4,0.048
Elgin & Grabouw,2025,5,0.059
Elgin & Grabouw,2025,6,0.077
Elgin & Grabouw,2025,7,0.07
Elgin & Grabouw,2025,8,0.168
Elgin & Grabouw,2025,9,0.122
Elgin & Grabouw,2025,10,0.092
Elgin & Grabouw,2025,11,0.164
Elgin & Grabouw,2025,12,0.285
Elgin & Grabouw,2025,13,0.38
Elgin & Grabouw,2025,14,0.788
Elgin & Grabouw,2025,15,0.664
Elgin & Grabouw,2025,16,0.452
Elgin & Grabouw,2025,17,0.62
Elgin & Grabouw,2025,18,0.406
Elgin & Grabouw,2025,19,0.518
Elgin & Grabouw,2025,20,0.481
Elgin & Grabouw,2025,21,0.783
Elgin & Grabouw,2025,22,0.459
Elgin & Grabouw,2025,23,0.064
Elgin & Grabouw,2025,24,0.08
Elgin & Grabouw,2025,25,0.182
Elgin & Grabouw,2025,26,0.082
Elgin & Grabouw,2025,31,0.31
Elgin & Grabouw,2025,32,0.131
Elgin & Grabouw,2025,33,0.048
Elgin & Grabouw,2025,34,0.012
Elgin & Grabouw,2025,35,0.005
Elgin & Grabouw,2025,36,0.026
Elgin & Grabouw,2025,37,0.029
Elgin & Grabouw,2025,38,0.016
Elgin & Grabouw,2025,39,0.26
Elgin & Grabouw,2025,40,0.013
Elgin & Grabouw,2025,41,0.012
Elgin & Grabouw,2025,42,0.014
Elgin & Grabouw,2025,43,0.016
Elgin & Grabouw,2025,44,0.019
Elgin & Grabouw,2025,45,0.03
Elgin & Grabouw,2025,46,0.018
Elgin & Grabouw,2025,47,0.019
Elgin & Grabouw,2025,48,0.036
Elgin & Grabouw,2025,49,0.04
Elgin & Grabouw,2025,50,0.046
Elgin & Grabouw,2025,51,0.037
Elgin & Grabouw,2025,52,0.053
Elgin & Grabouw,2026,1,0.134
Elgin & Grabouw,2026,2,0.122
Elgin & Grabouw,2026,3,0.06
Elgin & Grabouw,2026,4,0.026
Elgin & Grabouw,2026,5,0.04
Elgin & Grabouw,2026,6,0.046
Elgin & Grabouw,2026,7,0.109
Elgin & Grabouw,2026,8,0.134
Elgin & Grabouw,2026,9,0.198
Elgin & Grabouw,2026,10,0.077
Elgin & Grabouw,2026,11,0.157
Elgin & Grabouw,2026,12,0.296
Elgin & Grabouw,2026,13,0.318
Elgin & Grabouw,2026,14,0.391
Elgin & Grabouw,2026,15,0.352
Elgin & Grabouw,2026,16,0.346
Elgin & Grabouw,2026,17,0.086
Elgin & Grabouw,2026,18,0.198
Elgin & Grabouw,2026,19,0.247
Elgin & Grabouw,2026,20,0.0
Elgin & Grabouw,2026,21,0.342
Elgin & Grabouw,2026,22,0.255
Elgin & Grabouw,2026,23,0.103
Elgin & Grabouw,2026,24,0.054
Elgin & Grabouw,2026,25,0.064
Elgin & Grabouw,2026,26,0.123
Elgin & Grabouw,2026,33,0.401
Tulbagh,2010,1,2.24
Tulbagh,2010,2,2.243
Tulbagh,2010,3,0.77
Tulbagh,2010,4,0.8
Tulbagh,2010,5,1.1
Tulbagh,2010,6,1.57
Tulbagh,2010,7,2.63
Tulbagh,2010,8,5.73
Tulbagh,2010,9,5.73
Tulbagh,2010,10,9.25
Tulbagh,2010,11,14.66
Tulbagh,2010,12,12.52
Tulbagh,2010,13,15.21
Tulbagh,2010,14,16.88
Tulbagh,2010,15,21.18
Tulbagh,2010,16,23.49
Tulbagh,2010,17,30.01
Tulbagh,2010,18,23.5
Tulbagh,2010,19,12.7
Tulbagh,2010,20,12.7
Tulbagh,2010,21,16.67
Tulbagh,2010,22,4.81
Tulbagh,2010,23,4.81
Tulbagh,2010,24,5.43
Tulbagh,2010,25,1.49
Tulbagh,2010,26,1.49
Tulbagh,2010,27,1.49
Tulbagh,2010,28,1.49
Tulbagh,2010,29,1.49
Tulbagh,2010,30,1.49
Tulbagh,2010,31,0.17
Tulbagh,2010,32,0.35
Tulbagh,2010,33,0.24
Tulbagh,2010,34,0.16
Tulbagh,2010,35,0.12
Tulbagh,2010,36,0.08
Tulbagh,2010,37,0.24
Tulbagh,2010,38,0.17
Tulbagh,2010,39,0.17
Tulbagh,2010,40,0.92
Tulbagh,2010,41,0.51
Tulbagh,2010,42,0.47
Tulbagh,2010,43,0.37
Tulbagh,2010,44,0.19
Tulbagh,2010,45,0.02
Tulbagh,2010,46,0.07
Tulbagh,2010,47,0.13
Tulbagh,2010,48,0.16
Tulbagh,2010,49,0.22
Tulbagh,2010,50,0.54
Tulbagh,2010,51,2.65
Tulbagh,2010,52,3.36
Tulbagh,2011,1,3.89
Tulbagh,2011,2,3.89
Tulbagh,2011,3,4.11
Tulbagh,2011,4,2.15
Tulbagh,2011,5,2.08
Tulbagh,2011,6,6.33
Tulbagh,2011,7,4.63
Tulbagh,2011,8,3.74
Tulbagh,2011,9,4.18
Tulbagh,2011,10,6.55
Tulbagh,2011,11,5.89
Tulbagh,2011,12,5.61
Tulbagh,2011,13,6.3
Tulbagh,2011,14,18.36
Tulbagh,2011,15,23.27
Tulbagh,2011,16,24.76
Tulbagh,2011,17,19.89
Tulbagh,2011,18,19.89
Tulbagh,2011,19,19.87
Tulbagh,2011,20,18.39
Tulbagh,2011,21,9.45
Tulbagh,2011,22,9.45
Tulbagh,2011,23,16.6
Tulbagh,2011,24,16.6
Tulbagh,2011,25,5.69
Tulbagh,2011,26,5.69
Tulbagh,2011,27,0.66
Tulbagh,2011,28,0.66
Tulbagh,2011,29,0.67
Tulbagh,2011,30,0.67
Tulbagh,2011,31,0.09
Tulbagh,2011,32,0.09
Tulbagh,2011,33,0.03
Tulbagh,2011,34,0.03
Tulbagh,2011,35,0.02
Tulbagh,2011,36,0.02
Tulbagh,2011,37,0.02
Tulbagh,2011,38,0.02
Tulbagh,2011,39,0.13
Tulbagh,2011,40,0.13
Tulbagh,2011,41,0.07
Tulbagh,2011,42,0.07
Tulbagh,2011,43,0.12
Tulbagh,2011,44,0.12
Tulbagh,2011,45,0.02
Tulbagh,2011,46,0.04
Tulbagh,2011,47,0.04
Tulbagh,2011,48,0.32
Tulbagh,2011,49,0.25
Tulbagh,2011,50,0.08
Tulbagh,2011,51,0.41
Tulbagh,2011,52,0.41
Tulbagh,2012,1,2.33
Tulbagh,2012,2,3.02
Tulbagh,2012,3,4.23
Tulbagh,2012,4,3.77
Tulbagh,2012,5,2.31
Tulbagh,2012,6,4.12
Tulbagh,2012,7,3.46
Tulbagh,2012,8,5.33
Tulbagh,2012,9,9.97
Tulbagh,2012,10,9.82
Tulbagh,2012,11,7.84
Tulbagh,2012,12,13.71
Tulbagh,2012,13,15.17
Tulbagh,2012,14,16.66
Tulbagh,2012,15,22.585
Tulbagh,2012,16,24.12
Tulbagh,2012,17,20.63
Tulbagh,2012,18,28.0
Tulbagh,2012,19,18.0
Tulbagh,2012,20,18.6
Tulbagh,2012,21,17.3
Tulbagh,2012,22,12.78
Tulbagh,2012,23,18.0
Tulbagh,2012,24,5.15
Tulbagh,2012,25,4.65
Tulbagh,2012,26,4.12
Tulbagh,2012,27,4.007
Tulbagh,2012,28,2.17
Tulbagh,2012,29,2.285
Tulbagh,2012,30,1.05
Tulbagh,2012,31,0.972
Tulbagh,2012,32,0.649
Tulbagh,2012,33,0.045
Tulbagh,2012,34,0.028
Tulbagh,2012,35,0.022
Tulbagh,2012,36,0.0189
Tulbagh,2012,37,0.012
Tulbagh,2012,38,0.0
Tulbagh,2012,39,0.0
Tulbagh,2012,40,0.0
Tulbagh,2012,41,0.0
Tulbagh,2012,42,0.0
Tulbagh,2012,43,0.0132
Tulbagh,2012,44,0.0878
Tulbagh,2012,45,0.016
Tulbagh,2012,46,0.032
Tulbagh,2012,47,0.019
Tulbagh,2012,48,0.0106
Tulbagh,2012,49,0.0137
Tulbagh,2012,50,0.1499
Tulbagh,2012,51,0.17813
Tulbagh,2012,52,0.1841
Tulbagh,2013,1,1.109
Tulbagh,2013,2,0.8924
Tulbagh,2013,3,0.9541
Tulbagh,2013,4,1.1798
Tulbagh,2013,5,1.366
Tulbagh,2013,6,3.297
Tulbagh,2013,7,3.257
Tulbagh,2013,8,2.236
Tulbagh,2013,9,3.7411
Tulbagh,2013,10,6.878
Tulbagh,2013,11,5.036
Tulbagh,2013,12,5.868
Tulbagh,2013,13,5.389
Tulbagh,2013,14,6.294
Tulbagh,2013,15,7.191
Tulbagh,2013,16,4.689
Tulbagh,2013,17,9.515
Tulbagh,2013,18,9.058
Tulbagh,2013,19,14.467
Tulbagh,2013,20,17.932
Tulbagh,2013,21,19.504
Tulbagh,2013,22,16.75
Tulbagh,2013,23,11.269
Tulbagh,2013,24,3.991
Tulbagh,2013,25,4.012
Tulbagh,2014,1,1.825
Tulbagh,2014,2,1.952
Tulbagh,2014,3,2.03
Tulbagh,2014,4,2.887
Tulbagh,2014,5,3.956
Tulbagh,2014,6,4.256
Tulbagh,2014,7,5.665
Tulbagh,2014,8,5.389
Tulbagh,2014,9,5.627
Tulbagh,2014,10,5.475
Tulbagh,2014,11,2.447
Tulbagh,2014,12,6.82
Tulbagh,2014,13,5.389
Tulbagh,2014,14,5.81
Tulbagh,2014,15,6.329
Tulbagh,2014,16,7.852
Tulbagh,2014,17,9.339
Tulbagh,2014,18,7.26
Tulbagh,2014,19,10.855
Tulbagh,2014,20,7.678
Tulbagh,2014,21,2.678
Tulbagh,2014,22,2.789
Tulbagh,2014,23,2.467
Tulbagh,2014,24,2.3256
Tulbagh,2014,25,1.7654
Tulbagh,2014,26,0.9967
Tulbagh,2014,27,0.0015
Tulbagh,2014,28,0.0
Tulbagh,2014,29,0.119
Tulbagh,2014,30,0.065
Tulbagh,2014,31,0.0467
Tulbagh,2014,32,0.0564
Tulbagh,2014,33,0.0258
Tulbagh,2014,34,0.0025
Tulbagh,2014,35,0.0015
Tulbagh,2014,36,0.0
Tulbagh,2014,37,0.0
Tulbagh,2014,38,0.0
Tulbagh,2014,39,0.0
Tulbagh,2014,40,0.0
Tulbagh,2014,41,0.0
Tulbagh,2014,42,0.0
Tulbagh,2014,43,0.0
Tulbagh,2014,44,0.0015
Tulbagh,2014,45,0.00565
Tulbagh,2014,46,0.0084
Tulbagh,2014,47,0.0571
Tulbagh,2014,48,0.0201
Tulbagh,2014,49,0.2084
Tulbagh,2014,50,0.124
Tulbagh,2014,51,0.1294
Tulbagh,2014,52,0.942
Tulbagh,2015,1,1.07
Tulbagh,2015,2,1.073
Tulbagh,2015,3,0.7579
Tulbagh,2015,4,2.598
Tulbagh,2015,5,3.8722
Tulbagh,2015,6,3.0789
Tulbagh,2015,7,5.803
Tulbagh,2015,8,0.587
Tulbagh,2015,9,1.5176
Tulbagh,2015,10,1.957
Tulbagh,2015,11,5.218
Tulbagh,2015,12,3.751
Tulbagh,2015,13,2.507
Tulbagh,2015,14,5.581
Tulbagh,2015,15,4.178
Tulbagh,2015,16,2.319
Tulbagh,2015,17,2.268
Tulbagh,2015,18,4.471
Tulbagh,2015,19,5.394
Tulbagh,2015,20,3.614
Tulbagh,2015,21,1.725
Tulbagh,2015,22,2.566
Tulbagh,2015,23,0.1348
Tulbagh,2015,24,0.009
Tulbagh,2015,25,0.0674
Tulbagh,2015,26,0.0
Tulbagh,2015,27,0.0
Tulbagh,2015,28,0.0
Tulbagh,2015,29,0.0
Tulbagh,2015,30,0.0
Tulbagh,2015,31,0.0
Tulbagh,2015,32,0.0
Tulbagh,2015,33,0.0
Tulbagh,2015,34,0.0
Tulbagh,2015,35,0.0
Tulbagh,2015,36,0.0
Tulbagh,2015,37,0.0
Tulbagh,2015,38,0.0
Tulbagh,2015,39,0.0
Tulbagh,2015,40,0.028
Tulbagh,2015,41,0.0
Tulbagh,2015,42,0.0
Tulbagh,2015,43,0.0
Tulbagh,2015,44,0.0096
Tulbagh,2015,45,0.0279
Tulbagh,2015,46,0.0193
Tulbagh,2015,47,0.013
Tulbagh,2015,48,0.02
Tulbagh,2015,49,0.0558
Tulbagh,2015,50,0.058
Tulbagh,2015,51,0.169
Tulbagh,2015,52,0.129
Tulbagh,2016,1,0.349
Tulbagh,2016,2,0.8283
Tulbagh,2016,3,0.2567
Tulbagh,2016,4,0.4479
Tulbagh,2016,5,0.9559
Tulbagh,2016,6,1.264
Tulbagh,2016,7,0.692
Tulbagh,2016,8,0.566
Tulbagh,2016,9,0.178
Tulbagh,2016,10,2.8614
Tulbagh,2016,11,1.5585
Tulbagh,2016,12,2.264
Tulbagh,2016,13,1.908
Tulbagh,2016,14,2.484
Tulbagh,2016,15,1.4425
Tulbagh,2016,16,3.135
Tulbagh,2016,17,3.1353
Tulbagh,2016,18,1.3974
Tulbagh,2016,19,1.0974
Tulbagh,2016,20,1.125
Tulbagh,2016,21,1.234
Tulbagh,2016,22,0.3716
Tulbagh,2016,23,0.276
Tulbagh,2016,24,0.12
Tulbagh,2016,25,0.023
Tulbagh,2016,26,0.0
Tulbagh,2016,27,0.0
Tulbagh,2016,28,0.0
Tulbagh,2016,29,0.0
Tulbagh,2016,30,0.0
Tulbagh,2016,31,0.0
Tulbagh,2016,32,0.0
Tulbagh,2016,33,0.0
Tulbagh,2016,34,0.0
Tulbagh,2016,35,0.0025
Tulbagh,2016,36,0.0
Tulbagh,2016,37,0.0
Tulbagh,2016,38,0.0
Tulbagh,2016,39,0.0
Tulbagh,2016,40,0.0
Tulbagh,2016,41,0.0118
Tulbagh,2016,42,0.0096
Tulbagh,2016,43,0.711
Tulbagh,2016,44,0.048
Tulbagh,2016,45,0.019
Tulbagh,2016,46,0.053
Tulbagh,2016,47,0.9666
Tulbagh,2016,48,0.0021
Tulbagh,2016,49,0.089
Tulbagh,2016,50,0.089
Tulbagh,2016,51,0.131
Tulbagh,2016,52,0.176
Tulbagh,2017,1,0.0953
Tulbagh,2017,2,0.635
Tulbagh,2017,3,0.767
Tulbagh,2017,4,0.738
Tulbagh,2017,5,0.923
Tulbagh,2017,6,0.203
Tulbagh,2017,7,0.678
Tulbagh,2017,8,0.4961
Tulbagh,2017,9,0.3369
Tulbagh,2017,10,0.423
Tulbagh,2017,11,0.413
Tulbagh,2017,12,1.908
Tulbagh,2017,13,0.492
Tulbagh,2017,14,0.442
Tulbagh,2017,15,0.59
Tulbagh,2017,16,0.762
Tulbagh,2017,17,0.792
Tulbagh,2017,18,0.4809
Tulbagh,2017,19,0.4154
Tulbagh,2017,20,0.6859
Tulbagh,2017,21,0.8
Tulbagh,2017,22,0.225
Tulbagh,2017,23,0.008
Tulbagh,2017,24,0.0
Tulbagh,2017,25,0.0
Tulbagh,2017,26,0.0
Tulbagh,2017,27,0.0
Tulbagh,2017,28,0.0
Tulbagh,2017,29,0.0
Tulbagh,2017,30,0.0
Tulbagh,2017,31,0.0
Tulbagh,2017,32,0.0
Tulbagh,2017,33,0.0
Tulbagh,2017,34,0.0
Tulbagh,2017,35,0.0
Tulbagh,2017,36,0.0
Tulbagh,2017,37,0.0
Tulbagh,2017,38,0.0
Tulbagh,2017,39,0.0
Tulbagh,2017,40,0.00109
Tulbagh,2017,41,0.00109
Tulbagh,2017,42,0.0043
Tulbagh,2017,43,0.0019
Tulbagh,2017,44,0.0098
Tulbagh,2017,45,0.0119
Tulbagh,2017,46,0.00872
Tulbagh,2017,47,0.0065
Tulbagh,2017,48,0.0621
Tulbagh,2017,49,0.0185
Tulbagh,2017,50,0.0316
Tulbagh,2017,51,0.0501
Tulbagh,2017,52,0.088
Tulbagh,2018,1,0.12104
Tulbagh,2018,2,0.08615
Tulbagh,2018,3,0.1025
Tulbagh,2018,4,0.0403
Tulbagh,2018,5,0.1079
Tulbagh,2018,6,0.457
Tulbagh,2018,7,0.121
Tulbagh,2018,8,0.067
Tulbagh,2018,9,0.548
Tulbagh,2018,10,0.04
Tulbagh,2018,11,0.1889
Tulbagh,2018,12,0.3315
Tulbagh,2018,13,0.1603
Tulbagh,2018,14,0.5901
Tulbagh,2018,15,1.912
Tulbagh,2018,16,0.276
Tulbagh,2018,17,0.1417
Tulbagh,2018,18,0.118
Tulbagh,2018,19,0.106
Tulbagh,2018,20,0.1308
Tulbagh,2018,21,0.255
Tulbagh,2018,22,0.0806
Tulbagh,2018,23,0.027
Tulbagh,2018,24,0.0119
Tulbagh,2018,25,0.1068
Tulbagh,2018,26,0.0
Tulbagh,2018,27,0.0
Tulbagh,2018,28,0.0
Tulbagh,2018,29,0.0
Tulbagh,2018,30,0.0
Tulbagh,2018,31,0.0
Tulbagh,2018,32,0.0
Tulbagh,2018,33,0.0
Tulbagh,2018,34,0.0
Tulbagh,2018,35,0.0
Tulbagh,2018,36,0.0
Tulbagh,2018,37,0.0
Tulbagh,2018,38,0.0
Tulbagh,2018,39,0.0
Tulbagh,2018,40,0.0008
Tulbagh,2018,41,0.0021
Tulbagh,2018,42,0.0
Tulbagh,2018,43,0.0032
Tulbagh,2018,44,0.00218
Tulbagh,2018,45,0.005
Tulbagh,2018,46,0.0501
Tulbagh,2018,47,0.0643
Tulbagh,2018,48,0.0697
Tulbagh,2018,49,0.0894
Tulbagh,2018,50,0.091
Tulbagh,2018,51,0.1003
Tulbagh,2018,52,0.088
Tulbagh,2019,1,0.1417
Tulbagh,2019,2,0.1025
Tulbagh,2019,3,0.1919
Tulbagh,2019,4,0.193
Tulbagh,2019,5,0.093
Tulbagh,2019,6,0.21
Tulbagh,2019,7,0.25
Tulbagh,2019,8,0.0556
Tulbagh,2019,9,0.554
Tulbagh,2019,10,0.083
Tulbagh,2019,11,0.1886
Tulbagh,2019,12,0.1886
Tulbagh,2019,13,0.235
Tulbagh,2019,14,0.358
Tulbagh,2019,15,0.312
Tulbagh,2019,16,0.295
Tulbagh,2019,17,0.166
Tulbagh,2019,18,0.163
Tulbagh,2019,19,0.16
Tulbagh,2019,20,0.151
Tulbagh,2019,21,0.117
Tulbagh,2019,22,0.005
Tulbagh,2019,23,0.02
Tulbagh,2019,24,0.0068
Tulbagh,2019,25,0.0147
Tulbagh,2019,26,0.0
Tulbagh,2019,27,0.0
Tulbagh,2019,28,0.0
Tulbagh,2019,29,0.0029
Tulbagh,2019,30,0.0
Tulbagh,2019,31,0.0
Tulbagh,2019,32,0.0
Tulbagh,2019,33,0.0
Tulbagh,2019,34,0.0
Tulbagh,2019,35,0.001
Tulbagh,2019,36,0.0
Tulbagh,2019,37,0.0
Tulbagh,2019,38,0.001
Tulbagh,2019,39,0.001
Tulbagh,2019,40,0.002
Tulbagh,2019,41,0.0009
Tulbagh,2019,42,0.0029
Tulbagh,2019,43,0.001
Tulbagh,2019,44,0.001
Tulbagh,2019,45,0.03
Tulbagh,2019,46,0.026
Tulbagh,2019,47,0.22
Tulbagh,2019,48,0.047
Tulbagh,2019,49,0.024
Tulbagh,2019,50,0.029
Tulbagh,2019,51,0.058
Tulbagh,2019,52,0.018
Tulbagh,2020,1,0.018
Tulbagh,2020,2,0.0184
Tulbagh,2020,3,0.019
Tulbagh,2020,4,0.204
Tulbagh,2020,5,0.035
Tulbagh,2020,6,0.151
Tulbagh,2020,7,0.099
Tulbagh,2020,8,0.386
Tulbagh,2020,9,0.322
Tulbagh,2020,10,0.34
Tulbagh,2020,11,0.122
Tulbagh,2020,12,0.155
Tulbagh,2020,13,0.051
Tulbagh,2020,41,0.0
Tulbagh,2020,42,0.012
Tulbagh,2020,43,0.012
Tulbagh,2020,44,0.021
Tulbagh,2020,45,0.028
Tulbagh,2020,46,0.0116
Tulbagh,2020,47,0.031
Tulbagh,2020,48,0.03
Tulbagh,2020,49,0.045
Tulbagh,2020,50,0.049
Tulbagh,2020,51,0.055
Tulbagh,2020,52,0.025
Tulbagh,2021,1,0.055
Tulbagh,2021,2,0.047
Tulbagh,2021,3,0.099
Tulbagh,2021,4,0.075
Tulbagh,2021,5,0.117
Tulbagh,2021,6,0.044
Tulbagh,2021,7,0.38
Tulbagh,2021,8,0.086
Tulbagh,2021,9,0.145
Tulbagh,2021,10,0.112
Tulbagh,2021,11,0.107
Tulbagh,2021,12,0.107
Tulbagh,2021,13,0.137
Tulbagh,2021,14,0.095
Tulbagh,2021,15,0.343
Tulbagh,2021,16,0.143
Tulbagh,2021,17,0.244
Tulbagh,2021,18,0.051
Tulbagh,2021,19,0.244
Tulbagh,2021,20,0.046
Tulbagh,2021,21,0.055
Tulbagh,2021,22,0.1
Tulbagh,2021,23,0.03
Tulbagh,2021,24,0.027
Tulbagh,2021,25,0.026
Tulbagh,2021,41,0.0
Tulbagh,2021,42,0.012
Tulbagh,2021,43,0.015
Tulbagh,2021,44,0.023
Tulbagh,2021,45,0.029
Tulbagh,2021,46,0.0155
Tulbagh,2021,47,0.024
Tulbagh,2021,48,0.03
Tulbagh,2021,49,0.052
Tulbagh,2021,50,0.001
Tulbagh,2021,51,0.048
Tulbagh,2021,52,0.029
Tulbagh,2022,1,0.067
Tulbagh,2022,2,0.054
Tulbagh,2022,3,0.023
Tulbagh,2022,4,0.026
Tulbagh,2022,5,0.049
Tulbagh,2022,6,0.063
Tulbagh,2022,7,0.046
Tulbagh,2022,8,0.101
Tulbagh,2022,9,0.231
Tulbagh,2022,10,0.13
Tulbagh,2022,11,0.164
Tulbagh,2022,12,0.213
Tulbagh,2022,13,0.463
Tulbagh,2022,14,0.621
Tulbagh,2022,15,0.37
Tulbagh,2022,16,0.559
Tulbagh,2022,17,0.104
Tulbagh,2022,18,0.113
Tulbagh,2022,19,0.131
Tulbagh,2022,20,0.0
Tulbagh,2022,21,0.154
Tulbagh,2022,22,0.119
Tulbagh,2022,23,0.099
Tulbagh,2022,24,0.046
Tulbagh,2022,25,0.025
Tulbagh,2022,26,0.149
Tulbagh,2022,33,0.569
Tulbagh,2022,41,0.0
Tulbagh,2022,42,0.011
Tulbagh,2022,43,0.015
Tulbagh,2022,44,0.027
Tulbagh,2022,45,0.078
Tulbagh,2022,46,0.065
Tulbagh,2022,47,0.129
Tulbagh,2022,48,0.133
Tulbagh,2022,49,0.076
Tulbagh,2022,50,0.047
Tulbagh,2022,51,0.047
Tulbagh,2022,52,0.0
Tulbagh,2023,1,0.22
Tulbagh,2023,2,0.048
Tulbagh,2023,3,0.146
Tulbagh,2023,4,0.074
Tulbagh,2023,5,0.269
Tulbagh,2023,6,0.233
Tulbagh,2023,7,0.32
Tulbagh,2023,8,0.242
Tulbagh,2023,9,0.1
Tulbagh,2023,10,0.43
Tulbagh,2023,11,0.15
Tulbagh,2023,12,0.34
Tulbagh,2023,13,0.14
Tulbagh,2023,14,0.08
Tulbagh,2023,15,0.039
Tulbagh,2023,16,0.026
Tulbagh,2023,17,0.0
Tulbagh,2023,18,0.046
Tulbagh,2023,19,0.287
Tulbagh,2023,20,0.025
Tulbagh,2023,21,0.009
Tulbagh,2023,22,0.0
Tulbagh,2023,23,0.0
Tulbagh,2023,24,0.0
Tulbagh,2023,25,0.0
Tulbagh,2023,26,0.0
Tulbagh,2023,27,0.0046
Tulbagh,2023,28,0.0
Tulbagh,2023,29,0.0
Tulbagh,2023,30,0.0
Tulbagh,2023,31,0.0
Tulbagh,2023,32,0.0
Tulbagh,2023,33,0.0
Tulbagh,2023,34,0.0
Tulbagh,2023,35,0.0
Tulbagh,2023,36,0.0
Tulbagh,2023,37,0.0
Tulbagh,2023,38,0.0
Tulbagh,2023,39,0.0
Tulbagh,2023,40,0.0
Tulbagh,2023,41,0.0
Tulbagh,2023,42,0.001
Tulbagh,2023,43,0.004
Tulbagh,2023,44,0.007
Tulbagh,2023,45,0.004
Tulbagh,2023,46,0.034
Tulbagh,2023,47,0.065
Tulbagh,2023,48,0.02
Tulbagh,2023,49,0.051
Tulbagh,2023,50,0.129
Tulbagh,2023,51,0.065
Tulbagh,2023,52,0.013
Tulbagh,2024,1,0.195
Tulbagh,2024,2,0.11
Tulbagh,2024,3,0.044
Tulbagh,2024,4,0.028
Tulbagh,2024,5,0.084
Tulbagh,2024,6,0.04
Tulbagh,2024,7,0.038
Tulbagh,2024,8,0.044
Tulbagh,2024,9,0.048
Tulbagh,2024,10,0.026
Tulbagh,2024,11,0.164
Tulbagh,2024,12,0.018
Tulbagh,2024,13,0.46
Tulbagh,2024,14,0.152
Tulbagh,2024,15,0.12
Tulbagh,2024,16,0.0328
Tulbagh,2024,17,0.068
Tulbagh,2024,18,0.021
Tulbagh,2024,19,0.075
Tulbagh,2024,20,0.074
Tulbagh,2024,21,0.022
Tulbagh,2024,22,0.0
Tulbagh,2024,23,0.0
Tulbagh,2024,24,0.0
Tulbagh,2024,25,0.0
Tulbagh,2024,26,0.0
Tulbagh,2024,27,0.0
Tulbagh,2024,28,0.0
Tulbagh,2024,29,0.0
Tulbagh,2024,30,0.0
Tulbagh,2024,31,0.0
Tulbagh,2024,32,0.0
Tulbagh,2024,33,0.0
Tulbagh,2024,34,0.0
Tulbagh,2024,35,0.0
Tulbagh,2024,36,0.0
Tulbagh,2024,37,0.0
Tulbagh,2024,38,0.0
Tulbagh,2024,39,0.0
Tulbagh,2024,40,0.0
Tulbagh,2024,41,0.0
Tulbagh,2024,42,0.0078
Tulbagh,2024,43,0.0
Tulbagh,2024,44,0.001
Tulbagh,2024,45,0.003
Tulbagh,2024,46,0.004
Tulbagh,2024,47,0.005
Tulbagh,2024,48,0.007
Tulbagh,2024,49,0.019
Tulbagh,2024,50,0.022
Tulbagh,2024,51,0.075
Tulbagh,2024,52,0.0
Tulbagh,2025,1,0.0
Tulbagh,2025,2,0.07
Tulbagh,2025,3,0.06
Tulbagh,2025,4,0.05
Tulbagh,2025,5,0.08
Tulbagh,2025,6,0.04
Tulbagh,2025,7,0.04
Tulbagh,2025,8,0.05
Tulbagh,2025,9,0.05
Tulbagh,2025,10,0.042
Tulbagh,2025,11,0.035
Tulbagh,2025,12,0.035
Tulbagh,2025,13,0.047
Tulbagh,2025,14,0.37
Tulbagh,2025,15,0.549
Tulbagh,2025,16,1.289
Tulbagh,2025,17,1.352
Tulbagh,2025,18,0.943
Tulbagh,2025,19,1.249
Tulbagh,2025,20,0.703
Tulbagh,2025,21,0.465
Tulbagh,2025,22,0.201
Tulbagh,2025,23,0.062
Tulbagh,2025,24,0.009
Tulbagh,2025,26,0.021
Tulbagh,2025,27,0.013
Tulbagh,2025,28,0.004
Tulbagh,2025,29,0.003
Tulbagh,2025,30,0.001
Tulbagh,2025,31,0.005
Tulbagh,2025,32,0.002
Tulbagh,2025,33,0.005
Tulbagh,2025,34,0.001
Tulbagh,2025,35,0.0
Tulbagh,2025,36,0.0
Tulbagh,2025,37,0.013
Tulbagh,2025,38,0.0
Tulbagh,2025,39,0.0
Tulbagh,2025,40,0.0
Tulbagh,2025,41,0.001
Tulbagh,2025,42,0.007
Tulbagh,2025,43,0.012
Tulbagh,2025,44,0.015
Tulbagh,2025,45,0.026
Tulbagh,2025,46,0.07
Tulbagh,2025,47,0.153
Tulbagh,2025,48,0.062
Tulbagh,2025,49,0.114
Tulbagh,2025,50,0.089
Tulbagh,2025,51,0.054
Tulbagh,2025,52,0.115
Tulbagh,2026,1,0.035
Tulbagh,2026,2,0.1263
Tulbagh,2026,3,0.088
Tulbagh,2026,4,0.0812
Tulbagh,2026,5,0.131
Tulbagh,2026,6,0.048
Tulbagh,2026,7,0.108
Tulbagh,2026,8,0.244
Tulbagh,2026,9,0.307
Tulbagh,2026,10,0.471
Tulbagh,2026,11,0.397
Tulbagh,2026,12,0.21
Tulbagh,2026,13,1.012
Tulbagh,2026,14,0.973
Tulbagh,2026,15,1.323
Tulbagh,2026,16,1.071
Tulbagh,2026,17,0.376
Tulbagh,2026,19,0.23
Tulbagh,2026,22,0.01
Tulbagh,2026,23,0.009
Tulbagh,2026,24,0.01
Tulbagh,2026,25,0.036
Tulbagh,2026,26,0.014
Tulbagh,2026,27,0.001
Tulbagh,2026,28,0.006
Tulbagh,2026,29,0.003
Tulbagh,2026,30,0.005
Tulbagh,2026,31,0.003
Tulbagh,2026,32,0.01
Tulbagh,2026,33,0.0
Vyeboom,2016,45,0.01
Vyeboom,2016,46,0.02
Vyeboom,2016,47,0.003
Vyeboom,2016,48,0.016
Vyeboom,2016,49,0.03
Vyeboom,2016,50,0.049
Vyeboom,2016,51,0.05
Vyeboom,2016,52,0.053
Vyeboom,2017,1,0.096
Vyeboom,2017,2,0.044
Vyeboom,2017,3,0.036
Vyeboom,2017,4,0.024
Vyeboom,2017,5,0.073
Vyeboom,2017,6,0.088
Vyeboom,2017,7,0.017
Vyeboom,2017,8,0.066
Vyeboom,2017,9,0.04
Vyeboom,2017,10,0.162
Vyeboom,2017,11,0.285
Vyeboom,2017,12,0.203
Vyeboom,2017,13,0.318
Vyeboom,2017,14,0.445
Vyeboom,2017,15,0.299
Vyeboom,2017,16,0.229
Vyeboom,2017,17,0.354
Vyeboom,2017,18,0.488
Vyeboom,2017,19,0.427
Vyeboom,2017,20,0.507
Vyeboom,2017,21,0.41
Vyeboom,2017,22,0.385
Vyeboom,2017,23,0.907
Vyeboom,2017,24,0.354
Vyeboom,2017,25,0.247
Vyeboom,2017,26,0.082
Vyeboom,2017,31,0.079
Vyeboom,2017,32,0.021
Vyeboom,2017,33,0.003
Vyeboom,2017,34,0.004
Vyeboom,2017,35,0.003
Vyeboom,2017,36,0.009
Vyeboom,2017,37,0.009
Vyeboom,2017,38,0.028
Vyeboom,2017,39,0.005
Vyeboom,2017,40,0.005
Vyeboom,2017,41,0.003
Vyeboom,2017,42,0.009
Vyeboom,2017,43,0.003
Vyeboom,2017,44,0.01
Vyeboom,2017,45,0.008
Vyeboom,2017,46,0.006
Vyeboom,2017,47,0.01
Vyeboom,2017,48,0.038
Vyeboom,2017,49,0.012
Vyeboom,2017,50,0.034
Vyeboom,2017,51,0.009
Vyeboom,2018,1,0.018
Vyeboom,2018,2,0.006
Vyeboom,2018,3,0.04
Vyeboom,2018,4,0.047
Vyeboom,2018,5,0.109
Vyeboom,2018,6,0.042
Vyeboom,2018,7,0.088
Vyeboom,2018,8,0.09
Vyeboom,2018,9,0.069
Vyeboom,2018,10,0.116
Vyeboom,2018,11,0.136
Vyeboom,2018,12,0.063
Vyeboom,2018,13,0.139
Vyeboom,2018,14,0.363
Vyeboom,2018,15,0.281
Vyeboom,2018,16,0.394
Vyeboom,2018,17,0.319
Vyeboom,2018,18,0.16
Vyeboom,2018,19,0.309
Vyeboom,2018,20,0.165
Vyeboom,2018,21,0.201
Vyeboom,2018,22,0.132
Vyeboom,2018,23,0.014
Vyeboom,2018,24,0.049
Vyeboom,2018,25,0.06
Vyeboom,2018,26,0.03
Vyeboom,2018,27,0.017
Vyeboom,2018,28,0.016
Vyeboom,2018,29,0.031
Vyeboom,2018,35,0.0
Vyeboom,2018,36,0.003
Vyeboom,2018,37,0.0
Vyeboom,2018,38,0.0
Vyeboom,2018,39,0.0
Vyeboom,2018,40,0.022
Vyeboom,2018,41,0.009
Vyeboom,2018,42,0.012
Vyeboom,2018,43,0.007
Vyeboom,2018,44,0.007
Vyeboom,2018,45,0.011
Vyeboom,2018,46,0.016
Vyeboom,2018,47,0.024
Vyeboom,2018,48,0.033
Vyeboom,2018,49,0.056
Vyeboom,2018,50,0.07
Vyeboom,2018,51,0.078
Vyeboom,2019,3,0.063
Vyeboom,2019,4,0.056
Vyeboom,2019,5,0.184
Vyeboom,2019,6,0.074
Vyeboom,2019,7,0.18
Vyeboom,2019,8,0.057
Vyeboom,2019,9,0.067
Vyeboom,2019,10,0.067
Vyeboom,2019,11,0.07
Vyeboom,2019,12,0.129
Vyeboom,2019,13,0.149
Vyeboom,2019,14,0.42
Vyeboom,2019,15,0.294
Vyeboom,2019,16,0.239
Vyeboom,2019,17,0.193
Vyeboom,2019,18,0.285
Vyeboom,2019,19,0.245
Vyeboom,2019,20,0.32
Vyeboom,2019,21,0.202
Vyeboom,2019,22,0.225
Vyeboom,2019,23,0.065
Vyeboom,2019,24,0.105
Vyeboom,2019,25,0.099
Vyeboom,2019,26,0.144
Vyeboom,2019,31,0.488
Vyeboom,2019,32,0.034
Vyeboom,2019,33,0.019
Vyeboom,2019,34,0.012
Vyeboom,2019,35,0.021
Vyeboom,2019,36,0.004
Vyeboom,2019,37,0.01
Vyeboom,2019,38,0.004
Vyeboom,2019,39,0.007
Vyeboom,2019,40,0.003
Vyeboom,2019,41,0.007
Vyeboom,2019,42,0.011
Vyeboom,2019,43,0.015
Vyeboom,2019,44,0.004
Vyeboom,2019,45,0.019
Vyeboom,2019,46,0.021
Vyeboom,2019,47,0.012
Vyeboom,2019,48,0.028
Vyeboom,2019,49,0.033
Vyeboom,2019,50,0.032
Vyeboom,2019,51,0.016
Vyeboom,2020,1,0.02
Vyeboom,2020,2,0.098
Vyeboom,2020,3,0.122
Vyeboom,2020,4,0.025
Vyeboom,2020,5,0.031
Vyeboom,2020,6,0.255
Vyeboom,2020,7,0.154
Vyeboom,2020,8,0.15
Vyeboom,2020,9,0.1
Vyeboom,2020,10,0.156
Vyeboom,2020,11,0.533
Vyeboom,2020,12,0.435
Vyeboom,2020,13,0.912
Vyeboom,2020,23,0.11
Vyeboom,2020,24,0.211
Vyeboom,2020,25,0.097
Vyeboom,2020,26,0.184
Vyeboom,2020,27,0.177
Vyeboom,2020,32,0.436
Vyeboom,2020,33,0.018
Vyeboom,2020,34,0.005
Vyeboom,2020,35,0.0
Vyeboom,2020,36,0.001
Vyeboom,2020,37,0.004
Vyeboom,2020,38,0.001
Vyeboom,2020,39,0.003
Vyeboom,2020,40,0.005
Vyeboom,2020,41,0.001
Vyeboom,2020,42,0.007
Vyeboom,2020,43,0.015
Vyeboom,2020,44,0.003
Vyeboom,2020,45,0.007
Vyeboom,2020,46,0.002
Vyeboom,2020,47,0.013
Vyeboom,2020,48,0.008
Vyeboom,2020,49,0.011
Vyeboom,2020,50,0.026
Vyeboom,2020,51,0.033
Vyeboom,2020,52,0.044
Vyeboom,2021,1,0.036
Vyeboom,2021,2,0.009
Vyeboom,2021,3,0.035
Vyeboom,2021,4,0.033
Vyeboom,2021,5,0.092
Vyeboom,2021,6,0.01
Vyeboom,2021,7,0.026
Vyeboom,2021,8,0.009
Vyeboom,2021,9,0.027
Vyeboom,2021,10,0.056
Vyeboom,2021,11,0.12
Vyeboom,2021,12,0.102
Vyeboom,2021,13,0.086
Vyeboom,2021,14,0.196
Vyeboom,2021,15,0.134
Vyeboom,2021,16,0.194
Vyeboom,2021,17,0.164
Vyeboom,2021,18,0.152
Vyeboom,2021,19,0.1
Vyeboom,2021,20,0.105
Vyeboom,2021,21,0.122
Vyeboom,2021,22,0.014
Vyeboom,2021,23,0.035
Vyeboom,2021,24,0.048
Vyeboom,2021,25,0.082
Vyeboom,2021,30,0.082
Vyeboom,2021,31,0.032
Vyeboom,2021,32,0.01
Vyeboom,2021,33,0.0
Vyeboom,2021,34,0.0
Vyeboom,2021,35,0.0
Vyeboom,2021,36,0.004
Vyeboom,2021,37,0.0
Vyeboom,2021,38,0.001
Vyeboom,2021,39,0.0
Vyeboom,2021,40,0.0
Vyeboom,2021,41,0.002
Vyeboom,2021,42,0.002
Vyeboom,2021,43,0.0
Vyeboom,2021,44,0.003
Vyeboom,2021,45,0.001
Vyeboom,2021,46,0.002
Vyeboom,2021,47,0.004
Vyeboom,2021,48,0.004
Vyeboom,2021,49,0.004
Vyeboom,2021,50,0.018
Vyeboom,2021,51,0.012
Vyeboom,2021,52,0.016
Vyeboom,2022,1,0.023
Vyeboom,2022,2,0.016
Vyeboom,2022,3,0.025
Vyeboom,2022,4,0.021
Vyeboom,2022,5,0.031
Vyeboom,2022,6,0.017
Vyeboom,2022,7,0.033
Vyeboom,2022,8,0.025
Vyeboom,2022,9,0.03
Vyeboom,2022,10,0.072
Vyeboom,2022,11,0.2
Vyeboom,2022,12,0.272
Vyeboom,2022,13,0.261
Vyeboom,2022,14,0.254
Vyeboom,2022,15,0.188
Vyeboom,2022,16,0.255
Vyeboom,2022,17,0.279
Vyeboom,2022,18,0.327
Vyeboom,2022,19,0.272
Vyeboom,2022,20,0.443
Vyeboom,2022,21,0.524
Vyeboom,2022,22,0.088
Vyeboom,2022,23,0.075
Vyeboom,2022,24,0.21
Vyeboom,2022,25,0.056
Vyeboom,2022,30,0.331
Vyeboom,2022,31,0.048
Vyeboom,2022,32,0.019
Vyeboom,2022,33,0.011
Vyeboom,2022,34,0.005
Vyeboom,2022,35,0.008
Vyeboom,2022,36,0.01
Vyeboom,2022,37,0.0
Vyeboom,2022,38,0.003
Vyeboom,2022,39,0.005
Vyeboom,2022,40,0.001
Vyeboom,2022,41,0.007
Vyeboom,2022,42,0.005
Vyeboom,2022,43,0.006
Vyeboom,2022,44,0.008
Vyeboom,2022,45,0.012
Vyeboom,2022,46,0.009
Vyeboom,2022,47,0.012
Vyeboom,2022,48,0.039
Vyeboom,2022,49,0.06
Vyeboom,2022,50,0.088
Vyeboom,2022,51,0.071
Vyeboom,2022,52,0.446
Vyeboom,2023,1,0.154
Vyeboom,2023,2,0.112
Vyeboom,2023,3,0.152
Vyeboom,2023,4,0.104
Vyeboom,2023,5,0.103
Vyeboom,2023,6,0.162
Vyeboom,2023,7,0.179
Vyeboom,2023,8,0.231
Vyeboom,2023,9,0.082
Vyeboom,2023,10,0.091
Vyeboom,2023,11,0.306
Vyeboom,2023,12,0.54
Vyeboom,2023,13,0.665
Vyeboom,2023,14,0.799
Vyeboom,2023,15,0.38
Vyeboom,2023,16,0.256
Vyeboom,2023,17,0.275
Vyeboom,2023,18,0.336
Vyeboom,2023,19,0.184
Vyeboom,2023,20,0.208
Vyeboom,2023,21,0.149
Vyeboom,2023,22,0.161
Vyeboom,2023,23,0.025
Vyeboom,2023,24,0.02
Vyeboom,2023,25,0.018
Vyeboom,2023,30,0.053
Vyeboom,2023,31,0.004
Vyeboom,2023,32,0.008
Vyeboom,2023,33,0.003
Vyeboom,2023,34,0.001
Vyeboom,2023,35,0.001
Vyeboom,2023,36,0.019
Vyeboom,2023,37,0.0
Vyeboom,2023,38,0.0
Vyeboom,2023,39,0.0
Vyeboom,2023,40,0.0
Vyeboom,2023,41,0.0
Vyeboom,2023,42,0.0
Vyeboom,2023,43,0.0
Vyeboom,2023,44,0.002
Vyeboom,2023,45,0.002
Vyeboom,2023,46,0.009
Vyeboom,2023,47,0.003
Vyeboom,2023,48,0.004
Vyeboom,2023,49,0.017
Vyeboom,2023,50,0.017
Vyeboom,2023,51,0.026
Vyeboom,2023,52,0.039
Vyeboom,2024,1,0.042
Vyeboom,2024,2,0.013
Vyeboom,2024,3,0.011
Vyeboom,2024,4,0.031
Vyeboom,2024,5,0.12
Vyeboom,2024,6,0.065
Vyeboom,2024,7,0.077
Vyeboom,2024,8,0.027
Vyeboom,2024,9,0.073
Vyeboom,2024,10,0.173
Vyeboom,2024,11,0.261
Vyeboom,2024,12,0.175
Vyeboom,2024,13,0.214
Vyeboom,2024,14,0.241
Vyeboom,2024,15,0.123
Vyeboom,2024,16,0.142
Vyeboom,2024,17,0.28
Vyeboom,2024,18,0.458
Vyeboom,2024,19,0.799
Vyeboom,2024,20,0.578
Vyeboom,2024,21,0.853
Vyeboom,2024,22,0.281
Vyeboom,2024,23,0.057
Vyeboom,2024,24,0.035
Vyeboom,2024,30,0.334
Vyeboom,2024,31,0.006
Vyeboom,2024,32,0.006
Vyeboom,2024,33,0.008
Vyeboom,2024,34,0.004
Vyeboom,2024,35,0.006
Vyeboom,2024,36,0.009
Vyeboom,2024,37,0.006
Vyeboom,2024,38,0.004
Vyeboom,2024,39,0.001
Vyeboom,2024,40,0.004
Vyeboom,2024,41,0.004
Vyeboom,2024,42,0.0
Vyeboom,2024,43,0.001
Vyeboom,2024,44,0.002
Vyeboom,2024,45,0.003
Vyeboom,2024,46,0.001
Vyeboom,2024,47,0.014
Vyeboom,2024,48,0.008
Vyeboom,2024,49,0.012
Vyeboom,2024,50,0.029
Vyeboom,2024,51,0.051
Vyeboom,2024,52,0.0
Vyeboom,2025,1,0.059
Vyeboom,2025,2,0.022
Vyeboom,2025,3,0.006
Vyeboom,2025,4,0.009
Vyeboom,2025,5,0.05
Vyeboom,2025,6,0.104
Vyeboom,2025,7,0.063
Vyeboom,2025,8,0.044
Vyeboom,2025,9,0.11
Vyeboom,2025,10,0.163
Vyeboom,2025,11,0.208
Vyeboom,2025,12,0.258
Vyeboom,2025,13,0.353
Vyeboom,2025,14,0.308
Vyeboom,2025,15,0.295
Vyeboom,2025,16,0.402
Vyeboom,2025,17,0.457
Vyeboom,2025,18,0.449
Vyeboom,2025,19,0.428
Vyeboom,2025,20,0.541
Vyeboom,2025,21,1.066
Vyeboom,2025,22,0.815
Vyeboom,2025,23,0.064
Vyeboom,2025,24,0.029
Vyeboom,2025,25,0.229
Vyeboom,2025,26,0.106
Vyeboom,2025,31,0.209
Vyeboom,2025,32,0.075
Vyeboom,2025,33,0.015
Vyeboom,2025,34,0.009
Vyeboom,2025,35,0.008
Vyeboom,2025,36,0.017
Vyeboom,2025,37,0.006
Vyeboom,2025,38,0.009
Vyeboom,2025,39,0.004
Vyeboom,2025,40,0.003
Vyeboom,2025,41,0.0
Vyeboom,2025,42,0.002
Vyeboom,2025,43,0.001
Vyeboom,2025,44,0.004
Vyeboom,2025,45,0.005
Vyeboom,2025,46,0.009
Vyeboom,2025,47,0.006
Vyeboom,2025,48,0.015
Vyeboom,2025,49,0.026
Vyeboom,2025,50,0.031
Vyeboom,2025,51,0.053
Vyeboom,2025,52,0.026
Vyeboom,2026,1,0.067
Vyeboom,2026,2,0.054
Vyeboom,2026,3,0.023
Vyeboom,2026,4,0.026
Vyeboom,2026,5,0.049
Vyeboom,2026,6,0.063
Vyeboom,2026,7,0.046
Vyeboom,2026,8,0.101
Vyeboom,2026,9,0.231
Vyeboom,2026,10,0.13
Vyeboom,2026,11,0.164
Vyeboom,2026,12,0.213
Vyeboom,2026,13,0.463
Vyeboom,2026,14,0.621
Vyeboom,2026,15,0.37
Vyeboom,2026,16,0.559
Vyeboom,2026,17,0.104
Vyeboom,2026,18,0.113
Vyeboom,2026,19,0.131
Vyeboom,2026,20,0.0
Vyeboom,2026,21,0.154
Vyeboom,2026,22,0.119
Vyeboom,2026,23,0.099
Vyeboom,2026,24,0.046
Vyeboom,2026,25,0.025
Vyeboom,2026,26,0.149
Vyeboom,2026,33,0.569
Warm Bokkeveld,2010,1,0.15
Warm Bokkeveld,2010,2,0.57
Warm Bokkeveld,2010,3,0.71
Warm Bokkeveld,2010,4,0.52
Warm Bokkeveld,2010,5,0.44
Warm Bokkeveld,2010,6,0.7
Warm Bokkeveld,2010,7,0.29
Warm Bokkeveld,2010,8,0.51
Warm Bokkeveld,2010,9,0.61
Warm Bokkeveld,2010,10,1.2
Warm Bokkeveld,2010,11,1.46
Warm Bokkeveld,2010,12,2.0
Warm Bokkeveld,2010,13,2.09
Warm Bokkeveld,2010,14,2.25
Warm Bokkeveld,2010,15,3.77
Warm Bokkeveld,2010,16,3.89
Warm Bokkeveld,2010,17,3.39
Warm Bokkeveld,2010,18,2.98
Warm Bokkeveld,2010,19,2.88
Warm Bokkeveld,2010,20,4.07
Warm Bokkeveld,2010,21,4.57
Warm Bokkeveld,2010,22,2.21
Warm Bokkeveld,2010,23,1.89
Warm Bokkeveld,2010,24,1.57
Warm Bokkeveld,2010,25,1.36
Warm Bokkeveld,2010,26,1.13
Warm Bokkeveld,2010,27,1.12
Warm Bokkeveld,2010,28,1.0
Warm Bokkeveld,2010,29,0.87
Warm Bokkeveld,2010,30,0.73
Warm Bokkeveld,2010,31,0.65
Warm Bokkeveld,2010,32,0.59
Warm Bokkeveld,2010,33,0.57
Warm Bokkeveld,2010,34,0.45
Warm Bokkeveld,2010,35,0.03
Warm Bokkeveld,2010,36,0.1
Warm Bokkeveld,2010,37,0.08
Warm Bokkeveld,2010,38,0.05
Warm Bokkeveld,2010,39,0.05
Warm Bokkeveld,2010,40,0.05
Warm Bokkeveld,2010,41,0.03
Warm Bokkeveld,2010,42,0.05
Warm Bokkeveld,2010,43,0.05
Warm Bokkeveld,2010,44,0.05
Warm Bokkeveld,2010,45,0.06
Warm Bokkeveld,2010,46,0.06
Warm Bokkeveld,2010,47,0.06
Warm Bokkeveld,2010,48,0.06
Warm Bokkeveld,2010,49,0.08
Warm Bokkeveld,2010,50,0.09
Warm Bokkeveld,2010,51,0.09
Warm Bokkeveld,2010,52,0.09
Warm Bokkeveld,2011,1,0.15
Warm Bokkeveld,2011,2,0.66
Warm Bokkeveld,2011,3,0.69
Warm Bokkeveld,2011,5,0.71
Warm Bokkeveld,2011,6,0.1
Warm Bokkeveld,2011,7,0.12
Warm Bokkeveld,2011,8,0.21
Warm Bokkeveld,2011,9,0.28
Warm Bokkeveld,2011,10,0.55
Warm Bokkeveld,2011,11,0.85
Warm Bokkeveld,2011,12,1.01
Warm Bokkeveld,2011,13,1.11
Warm Bokkeveld,2011,14,1.73
Warm Bokkeveld,2011,15,3.59
Warm Bokkeveld,2011,16,3.86
Warm Bokkeveld,2011,17,1.81
Warm Bokkeveld,2011,18,1.81
Warm Bokkeveld,2011,19,2.12
Warm Bokkeveld,2011,20,3.28
Warm Bokkeveld,2011,21,1.01
Warm Bokkeveld,2011,22,1.01
Warm Bokkeveld,2011,23,0.99
Warm Bokkeveld,2011,24,0.92
Warm Bokkeveld,2011,25,0.87
Warm Bokkeveld,2011,26,0.82
Warm Bokkeveld,2011,27,0.74
Warm Bokkeveld,2011,28,0.64
Warm Bokkeveld,2011,29,0.52
Warm Bokkeveld,2011,30,0.25
Warm Bokkeveld,2011,31,0.06
Warm Bokkeveld,2011,32,0.03
Warm Bokkeveld,2011,33,0.06
Warm Bokkeveld,2011,34,0.03
Warm Bokkeveld,2011,35,0.03
Warm Bokkeveld,2011,36,0.02
Warm Bokkeveld,2011,37,0.02
Warm Bokkeveld,2011,38,0.02
Warm Bokkeveld,2011,39,0.01
Warm Bokkeveld,2011,40,0.02
Warm Bokkeveld,2011,41,0.02
Warm Bokkeveld,2011,42,0.02
Warm Bokkeveld,2011,43,0.04
Warm Bokkeveld,2011,44,0.03
Warm Bokkeveld,2011,45,0.04
Warm Bokkeveld,2011,46,0.04
Warm Bokkeveld,2011,47,0.05
Warm Bokkeveld,2011,48,0.05
Warm Bokkeveld,2011,49,0.07
Warm Bokkeveld,2011,50,0.06
Warm Bokkeveld,2011,51,0.08
Warm Bokkeveld,2011,52,0.08
Warm Bokkeveld,2012,1,0.02
Warm Bokkeveld,2012,2,0.02
Warm Bokkeveld,2012,3,0.27
Warm Bokkeveld,2012,4,0.01
Warm Bokkeveld,2012,5,0.01
Warm Bokkeveld,2012,6,0.01
Warm Bokkeveld,2012,7,0.02
Warm Bokkeveld,2012,8,0.03
Warm Bokkeveld,2012,9,0.06
Warm Bokkeveld,2012,10,0.17
Warm Bokkeveld,2012,11,0.38
Warm Bokkeveld,2012,12,0.46
Warm Bokkeveld,2012,13,0.53
Warm Bokkeveld,2012,14,1.3
Warm Bokkeveld,2012,15,2.76
Warm Bokkeveld,2012,16,1.92
Warm Bokkeveld,2012,17,1.15
Warm Bokkeveld,2012,18,1.06
Warm Bokkeveld,2012,19,1.1
Warm Bokkeveld,2012,20,1.7
Warm Bokkeveld,2012,21,0.8
Warm Bokkeveld,2012,22,0.39
Warm Bokkeveld,2012,23,0.22
Warm Bokkeveld,2012,24,0.06
Warm Bokkeveld,2012,25,0.05
Warm Bokkeveld,2012,26,0.05
Warm Bokkeveld,2012,27,0.03
Warm Bokkeveld,2012,28,0.02
Warm Bokkeveld,2012,29,0.01
Warm Bokkeveld,2012,30,0.01
Warm Bokkeveld,2012,31,0.01
Warm Bokkeveld,2012,32,0.01
Warm Bokkeveld,2012,33,0.01
Warm Bokkeveld,2012,34,0.0
Warm Bokkeveld,2012,35,0.0
Warm Bokkeveld,2012,36,0.0
Warm Bokkeveld,2012,37,0.0
Warm Bokkeveld,2012,38,0.0
Warm Bokkeveld,2012,39,0.0
Warm Bokkeveld,2012,40,0.0
Warm Bokkeveld,2012,41,0.0
Warm Bokkeveld,2012,42,0.0
Warm Bokkeveld,2012,43,0.0
Warm Bokkeveld,2012,44,0.0
Warm Bokkeveld,2012,45,0.0
Warm Bokkeveld,2012,46,0.0
Warm Bokkeveld,2012,47,0.0
Warm Bokkeveld,2012,48,0.0
Warm Bokkeveld,2012,49,0.0
Warm Bokkeveld,2012,50,0.01
Warm Bokkeveld,2012,51,0.0
Warm Bokkeveld,2012,52,0.01
Warm Bokkeveld,2013,1,0.06
Warm Bokkeveld,2013,2,0.02
Warm Bokkeveld,2013,3,0.01
Warm Bokkeveld,2013,4,0.06
Warm Bokkeveld,2013,5,0.05
Warm Bokkeveld,2013,6,0.03
Warm Bokkeveld,2013,7,0.06
Warm Bokkeveld,2013,8,0.35
Warm Bokkeveld,2013,9,0.17
Warm Bokkeveld,2013,10,0.13
Warm Bokkeveld,2013,11,0.46
Warm Bokkeveld,2013,12,0.97
Warm Bokkeveld,2013,13,0.29
Warm Bokkeveld,2013,14,2.76
Warm Bokkeveld,2013,15,1.07
Warm Bokkeveld,2013,16,0.46
Warm Bokkeveld,2013,17,0.32
Warm Bokkeveld,2013,18,0.48
Warm Bokkeveld,2013,19,0.71
Warm Bokkeveld,2013,20,0.75
Warm Bokkeveld,2013,21,1.34
Warm Bokkeveld,2013,22,0.05
Warm Bokkeveld,2013,23,0.04
Warm Bokkeveld,2013,24,0.04
Warm Bokkeveld,2013,25,0.03
Warm Bokkeveld,2013,26,0.038
Warm Bokkeveld,2013,27,0.34
Warm Bokkeveld,2013,28,0.018
Warm Bokkeveld,2013,29,0.01
Warm Bokkeveld,2013,30,0.01
Warm Bokkeveld,2013,31,0.0
Warm Bokkeveld,2013,32,0.0
Warm Bokkeveld,2013,33,0.03
Warm Bokkeveld,2013,34,0.0
Warm Bokkeveld,2013,35,0.0
Warm Bokkeveld,2013,36,0.0
Warm Bokkeveld,2013,37,0.0
Warm Bokkeveld,2013,38,0.0
Warm Bokkeveld,2013,39,0.01
Warm Bokkeveld,2013,40,0.0
Warm Bokkeveld,2013,41,0.0
Warm Bokkeveld,2013,42,0.0
Warm Bokkeveld,2013,43,0.0
Warm Bokkeveld,2013,44,0.0
Warm Bokkeveld,2013,45,0.0
Warm Bokkeveld,2013,46,0.0
Warm Bokkeveld,2013,47,0.0
Warm Bokkeveld,2013,48,0.0
Warm Bokkeveld,2013,49,0.01
Warm Bokkeveld,2013,50,0.01
Warm Bokkeveld,2013,51,0.0
Warm Bokkeveld,2013,52,0.01
Warm Bokkeveld,2014,1,0.02
Warm Bokkeveld,2014,2,0.0156
Warm Bokkeveld,2014,3,0.0151
Warm Bokkeveld,2014,4,0.0432
Warm Bokkeveld,2014,5,0.0251
Warm Bokkeveld,2014,6,0.0147
Warm Bokkeveld,2014,7,0.16
Warm Bokkeveld,2014,8,0.07
Warm Bokkeveld,2014,9,0.0665
Warm Bokkeveld,2014,10,0.252
Warm Bokkeveld,2014,11,0.3259
Warm Bokkeveld,2014,12,0.015
Warm Bokkeveld,2014,13,0.355
Warm Bokkeveld,2014,14,0.274
Warm Bokkeveld,2014,15,0.4663
Warm Bokkeveld,2014,16,0.493
Warm Bokkeveld,2014,17,0.6625
Warm Bokkeveld,2014,18,0.3111
Warm Bokkeveld,2014,19,0.507
Warm Bokkeveld,2014,20,0.269
Warm Bokkeveld,2014,21,0.1174
Warm Bokkeveld,2014,22,0.048
Warm Bokkeveld,2014,23,0.0261
Warm Bokkeveld,2014,24,0.0188
Warm Bokkeveld,2014,25,0.0166
Warm Bokkeveld,2014,26,0.0144
Warm Bokkeveld,2014,27,0.0016
Warm Bokkeveld,2014,28,0.0
Warm Bokkeveld,2014,29,0.0
Warm Bokkeveld,2014,30,0.0
Warm Bokkeveld,2014,31,0.0
Warm Bokkeveld,2014,32,0.0
Warm Bokkeveld,2014,33,0.0
Warm Bokkeveld,2014,34,0.0
Warm Bokkeveld,2014,35,0.0
Warm Bokkeveld,2014,36,0.0
Warm Bokkeveld,2014,37,0.0
Warm Bokkeveld,2014,38,0.0
Warm Bokkeveld,2014,39,0.0
Warm Bokkeveld,2014,40,0.0
Warm Bokkeveld,2014,41,0.0
Warm Bokkeveld,2014,42,0.0
Warm Bokkeveld,2014,43,0.0
Warm Bokkeveld,2014,44,0.0
Warm Bokkeveld,2014,45,0.0
Warm Bokkeveld,2014,46,0.0
Warm Bokkeveld,2014,47,0.0
Warm Bokkeveld,2014,48,0.0
Warm Bokkeveld,2014,49,0.00164
Warm Bokkeveld,2014,50,0.0
Warm Bokkeveld,2014,51,0.00071
Warm Bokkeveld,2014,52,0.00928
Warm Bokkeveld,2015,1,0.0078
Warm Bokkeveld,2015,2,0.0557
Warm Bokkeveld,2015,3,0.0164
Warm Bokkeveld,2015,4,0.02
Warm Bokkeveld,2015,5,0.027
Warm Bokkeveld,2015,6,0.0064
Warm Bokkeveld,2015,7,0.035
Warm Bokkeveld,2015,8,0.0035
Warm Bokkeveld,2015,9,0.015
Warm Bokkeveld,2015,10,0.1207
Warm Bokkeveld,2015,11,0.0921
Warm Bokkeveld,2015,12,0.0564
Warm Bokkeveld,2015,13,0.2835
Warm Bokkeveld,2015,14,0.1714
Warm Bokkeveld,2015,15,0.0728
Warm Bokkeveld,2015,16,0.689
Warm Bokkeveld,2015,17,0.914
Warm Bokkeveld,2015,18,0.15
Warm Bokkeveld,2015,19,0.6142
Warm Bokkeveld,2015,20,1.244
Warm Bokkeveld,2015,21,0.8792
Warm Bokkeveld,2015,22,0.3814
Warm Bokkeveld,2015,23,0.1335
Warm Bokkeveld,2015,24,0.056
Warm Bokkeveld,2015,25,0.0151
Warm Bokkeveld,2015,26,0.0
Warm Bokkeveld,2015,27,0.0
Warm Bokkeveld,2015,28,0.0
Warm Bokkeveld,2015,29,0.0
Warm Bokkeveld,2015,30,0.0
Warm Bokkeveld,2015,31,0.0
Warm Bokkeveld,2015,32,0.0
Warm Bokkeveld,2015,33,0.0
Warm Bokkeveld,2015,34,0.0
Warm Bokkeveld,2015,35,0.0
Warm Bokkeveld,2015,36,0.0
Warm Bokkeveld,2015,37,0.0
Warm Bokkeveld,2015,38,0.0
Warm Bokkeveld,2015,39,0.0
Warm Bokkeveld,2015,40,0.0
Warm Bokkeveld,2015,41,0.0
Warm Bokkeveld,2015,42,0.0
Warm Bokkeveld,2015,43,0.0
Warm Bokkeveld,2015,44,0.0
Warm Bokkeveld,2015,45,0.0031
Warm Bokkeveld,2015,46,0.00069
Warm Bokkeveld,2015,47,0.00138
Warm Bokkeveld,2015,48,0.0021
Warm Bokkeveld,2015,49,0.0034
Warm Bokkeveld,2015,50,0.00693
Warm Bokkeveld,2015,51,0.0159
Warm Bokkeveld,2015,52,0.0097
Warm Bokkeveld,2016,1,0.0318
Warm Bokkeveld,2016,2,0.0561
Warm Bokkeveld,2016,3,0.0423
Warm Bokkeveld,2016,4,0.0617
Warm Bokkeveld,2016,5,0.0173
Warm Bokkeveld,2016,6,0.0651
Warm Bokkeveld,2016,7,0.0995
Warm Bokkeveld,2016,8,0.0423
Warm Bokkeveld,2016,9,0.1158
Warm Bokkeveld,2016,10,1.0159
Warm Bokkeveld,2016,11,0.5748
Warm Bokkeveld,2016,12,0.588
Warm Bokkeveld,2016,13,0.5742
Warm Bokkeveld,2016,14,0.754
Warm Bokkeveld,2016,15,0.7122
Warm Bokkeveld,2016,16,0.38
Warm Bokkeveld,2016,17,1.414
Warm Bokkeveld,2016,18,1.456
Warm Bokkeveld,2016,19,0.6711
Warm Bokkeveld,2016,20,1.0408
Warm Bokkeveld,2016,21,0.357
Warm Bokkeveld,2016,22,0.1462
Warm Bokkeveld,2016,23,0.0
Warm Bokkeveld,2016,24,0.0207
Warm Bokkeveld,2016,25,0.002
Warm Bokkeveld,2016,26,0.0
Warm Bokkeveld,2016,27,0.0
Warm Bokkeveld,2016,28,0.0
Warm Bokkeveld,2016,29,0.0
Warm Bokkeveld,2016,30,0.0
Warm Bokkeveld,2016,31,0.0
Warm Bokkeveld,2016,32,0.0
Warm Bokkeveld,2016,33,0.0
Warm Bokkeveld,2016,34,0.0
Warm Bokkeveld,2016,35,0.0
Warm Bokkeveld,2016,36,0.0
Warm Bokkeveld,2016,37,0.0
Warm Bokkeveld,2016,38,0.0
Warm Bokkeveld,2016,39,0.0
Warm Bokkeveld,2016,40,0.00054
Warm Bokkeveld,2016,41,0.0054
Warm Bokkeveld,2016,42,0.008
Warm Bokkeveld,2016,43,0.0067
Warm Bokkeveld,2016,44,0.0029
Warm Bokkeveld,2016,45,0.00059
Warm Bokkeveld,2016,46,0.00237
Warm Bokkeveld,2016,47,0.001186
Warm Bokkeveld,2016,48,0.00059
Warm Bokkeveld,2016,49,0.00156
Warm Bokkeveld,2016,50,0.0095
Warm Bokkeveld,2016,51,0.0021
Warm Bokkeveld,2016,52,0.0075
Warm Bokkeveld,2017,1,0.0397
Warm Bokkeveld,2017,2,0.064
Warm Bokkeveld,2017,3,0.0296
Warm Bokkeveld,2017,4,0.0895
Warm Bokkeveld,2017,5,0.0385
Warm Bokkeveld,2017,6,0.101
Warm Bokkeveld,2017,7,0.116
Warm Bokkeveld,2017,8,0.14
Warm Bokkeveld,2017,9,0.164
Warm Bokkeveld,2017,10,0.224
Warm Bokkeveld,2017,11,0.48
Warm Bokkeveld,2017,12,0.273
Warm Bokkeveld,2017,13,0.649
Warm Bokkeveld,2017,14,0.7664
Warm Bokkeveld,2017,15,0.3852
Warm Bokkeveld,2017,16,0.512
Warm Bokkeveld,2017,17,0.447
Warm Bokkeveld,2017,18,0.375
Warm Bokkeveld,2017,19,0.2409
Warm Bokkeveld,2017,20,0.4048
Warm Bokkeveld,2017,21,0.199
Warm Bokkeveld,2017,22,0.1989
Warm Bokkeveld,2017,23,0.00754
Warm Bokkeveld,2017,24,0.0
Warm Bokkeveld,2017,25,0.0
Warm Bokkeveld,2017,26,0.0
Warm Bokkeveld,2017,27,0.0
Warm Bokkeveld,2017,28,0.0
Warm Bokkeveld,2017,29,0.0
Warm Bokkeveld,2017,30,0.0
Warm Bokkeveld,2017,31,0.0
Warm Bokkeveld,2017,32,0.0
Warm Bokkeveld,2017,33,0.0
Warm Bokkeveld,2017,34,0.0
Warm Bokkeveld,2017,35,0.0
Warm Bokkeveld,2017,36,0.0
Warm Bokkeveld,2017,37,0.0005
Warm Bokkeveld,2017,38,0.0
Warm Bokkeveld,2017,39,0.0
Warm Bokkeveld,2017,40,0.00152
Warm Bokkeveld,2017,41,0.0
Warm Bokkeveld,2017,42,0.001
Warm Bokkeveld,2017,43,0.001
Warm Bokkeveld,2017,44,0.0
Warm Bokkeveld,2017,45,0.0005
Warm Bokkeveld,2017,46,0.000508
Warm Bokkeveld,2017,47,0.0152
Warm Bokkeveld,2017,48,0.0035
Warm Bokkeveld,2017,49,0.0071
Warm Bokkeveld,2017,50,0.0035
Warm Bokkeveld,2017,51,0.0015
Warm Bokkeveld,2017,52,0.0051
Warm Bokkeveld,2018,1,0.00559
Warm Bokkeveld,2018,2,0.0152
Warm Bokkeveld,2018,3,0.00306
Warm Bokkeveld,2018,4,0.00714
Warm Bokkeveld,2018,5,0.01479
Warm Bokkeveld,2018,6,0.0311
Warm Bokkeveld,2018,7,0.0198
Warm Bokkeveld,2018,8,0.068
Warm Bokkeveld,2018,9,0.0474
Warm Bokkeveld,2018,10,0.0765
Warm Bokkeveld,2018,11,0.0658
Warm Bokkeveld,2018,12,0.06392
Warm Bokkeveld,2018,13,0.1331
Warm Bokkeveld,2018,14,0.178
Warm Bokkeveld,2018,15,0.7294
Warm Bokkeveld,2018,16,0.232
Warm Bokkeveld,2018,17,0.0494
Warm Bokkeveld,2018,18,0.0147
Warm Bokkeveld,2018,19,0.0576
Warm Bokkeveld,2018,20,0.0408
Warm Bokkeveld,2018,21,0.0234
Warm Bokkeveld,2018,22,0.0173
Warm Bokkeveld,2018,23,0.001
Warm Bokkeveld,2018,24,0.0
Warm Bokkeveld,2018,25,0.0
Warm Bokkeveld,2018,26,0.0
Warm Bokkeveld,2018,27,0.0
Warm Bokkeveld,2018,28,0.0
Warm Bokkeveld,2018,29,0.0
Warm Bokkeveld,2018,30,0.0
Warm Bokkeveld,2018,31,0.0
Warm Bokkeveld,2018,32,0.0
Warm Bokkeveld,2018,33,0.0
Warm Bokkeveld,2018,34,0.0
Warm Bokkeveld,2018,35,0.0
Warm Bokkeveld,2018,36,0.0
Warm Bokkeveld,2018,37,0.0
Warm Bokkeveld,2018,38,0.0
Warm Bokkeveld,2018,39,0.0
Warm Bokkeveld,2018,40,0.0
Warm Bokkeveld,2018,41,0.0071
Warm Bokkeveld,2018,42,0.0
Warm Bokkeveld,2018,43,0.0
Warm Bokkeveld,2018,44,0.0
Warm Bokkeveld,2018,45,0.00051
Warm Bokkeveld,2018,46,0.00051
Warm Bokkeveld,2018,47,0.00102
Warm Bokkeveld,2018,48,0.00408
Warm Bokkeveld,2018,49,0.0056
Warm Bokkeveld,2018,50,0.0051
Warm Bokkeveld,2018,51,0.002551
Warm Bokkeveld,2018,52,0.0256
Warm Bokkeveld,2019,1,0.1896
Warm Bokkeveld,2019,2,0.026
Warm Bokkeveld,2019,3,0.023
Warm Bokkeveld,2019,4,0.0305
Warm Bokkeveld,2019,5,0.0225
Warm Bokkeveld,2019,6,0.0333
Warm Bokkeveld,2019,7,0.0225
Warm Bokkeveld,2019,8,0.0795
Warm Bokkeveld,2019,9,0.0515
Warm Bokkeveld,2019,10,0.152
Warm Bokkeveld,2019,11,0.0633
Warm Bokkeveld,2019,12,0.2189
Warm Bokkeveld,2019,13,0.2886
Warm Bokkeveld,2019,14,0.168
Warm Bokkeveld,2019,15,0.156
Warm Bokkeveld,2019,16,0.184
Warm Bokkeveld,2019,17,0.167
Warm Bokkeveld,2019,18,0.294
Warm Bokkeveld,2019,19,0.235
Warm Bokkeveld,2019,20,0.199
Warm Bokkeveld,2019,21,0.034
Warm Bokkeveld,2019,22,0.017
Warm Bokkeveld,2019,23,0.0127
Warm Bokkeveld,2019,24,0.0054
Warm Bokkeveld,2019,25,0.0054
Warm Bokkeveld,2019,26,0.0
Warm Bokkeveld,2019,27,0.0
Warm Bokkeveld,2019,28,0.0
Warm Bokkeveld,2019,29,0.0
Warm Bokkeveld,2019,30,0.0
Warm Bokkeveld,2019,31,0.0
Warm Bokkeveld,2019,32,0.0
Warm Bokkeveld,2019,33,0.0
Warm Bokkeveld,2019,34,0.0
Warm Bokkeveld,2019,35,0.0019
Warm Bokkeveld,2019,36,0.0
Warm Bokkeveld,2019,37,0.0
Warm Bokkeveld,2019,38,0.0
Warm Bokkeveld,2019,39,0.0
Warm Bokkeveld,2019,40,0.001
Warm Bokkeveld,2019,41,0.001
Warm Bokkeveld,2019,42,0.0028
Warm Bokkeveld,2019,43,0.001
Warm Bokkeveld,2019,44,0.0004
Warm Bokkeveld,2019,45,0.0003
Warm Bokkeveld,2019,46,0.0024
Warm Bokkeveld,2019,47,0.001
Warm Bokkeveld,2019,48,0.0004
Warm Bokkeveld,2019,49,0.005
Warm Bokkeveld,2019,50,0.0019
Warm Bokkeveld,2019,51,0.0009
Warm Bokkeveld,2019,52,0.0088
Warm Bokkeveld,2020,1,0.08
Warm Bokkeveld,2020,2,0.027
Warm Bokkeveld,2020,3,0.0044
Warm Bokkeveld,2020,4,0.245
Warm Bokkeveld,2020,5,0.0247
Warm Bokkeveld,2020,6,0.3811
Warm Bokkeveld,2020,7,0.07
Warm Bokkeveld,2020,8,0.117
Warm Bokkeveld,2020,9,0.129
Warm Bokkeveld,2020,10,0.196
Warm Bokkeveld,2020,11,0.285
Warm Bokkeveld,2020,12,0.269
Warm Bokkeveld,2020,13,0.054
Warm Bokkeveld,2020,41,0.0
Warm Bokkeveld,2020,42,0.0
Warm Bokkeveld,2020,43,0.0
Warm Bokkeveld,2020,44,0.01
Warm Bokkeveld,2020,45,0.004
Warm Bokkeveld,2020,46,0.0009
Warm Bokkeveld,2020,47,0.0009
Warm Bokkeveld,2020,48,0.005
Warm Bokkeveld,2020,49,0.0014
Warm Bokkeveld,2020,50,0.0059
Warm Bokkeveld,2020,51,0.0064
Warm Bokkeveld,2020,52,0.02
Warm Bokkeveld,2021,1,0.024
Warm Bokkeveld,2021,2,0.024
Warm Bokkeveld,2021,3,0.01
Warm Bokkeveld,2021,4,0.049
Warm Bokkeveld,2021,5,0.033
Warm Bokkeveld,2021,6,0.025
Warm Bokkeveld,2021,7,0.033
Warm Bokkeveld,2021,8,0.059
Warm Bokkeveld,2021,9,0.068
Warm Bokkeveld,2021,10,0.113
Warm Bokkeveld,2021,11,0.114
Warm Bokkeveld,2021,12,0.114
Warm Bokkeveld,2021,13,0.11
Warm Bokkeveld,2021,14,0.247
Warm Bokkeveld,2021,15,0.12
Warm Bokkeveld,2021,16,0.056
Warm Bokkeveld,2021,17,0.0143
Warm Bokkeveld,2021,18,0.216
Warm Bokkeveld,2021,19,0.143
Warm Bokkeveld,2021,20,0.214
Warm Bokkeveld,2021,21,0.196
Warm Bokkeveld,2021,22,0.21
Warm Bokkeveld,2021,23,0.01
Warm Bokkeveld,2021,24,0.0004
Warm Bokkeveld,2021,25,0.0004
Warm Bokkeveld,2021,26,0.0
Warm Bokkeveld,2021,27,0.0
Warm Bokkeveld,2021,28,0.0
Warm Bokkeveld,2021,29,0.0
Warm Bokkeveld,2021,30,0.0
Warm Bokkeveld,2021,31,0.0
Warm Bokkeveld,2021,32,0.0
Warm Bokkeveld,2021,33,0.0
Warm Bokkeveld,2021,34,0.0
Warm Bokkeveld,2021,35,0.0
Warm Bokkeveld,2021,36,0.0
Warm Bokkeveld,2021,37,0.0
Warm Bokkeveld,2021,38,0.0
Warm Bokkeveld,2021,39,0.0
Warm Bokkeveld,2021,40,0.0001
Warm Bokkeveld,2021,41,0.0001
Warm Bokkeveld,2021,42,0.0
Warm Bokkeveld,2021,43,0.0002
Warm Bokkeveld,2021,44,0.001
Warm Bokkeveld,2021,45,0.007
Warm Bokkeveld,2021,46,0.015
Warm Bokkeveld,2021,47,0.0009
Warm Bokkeveld,2021,48,0.0
Warm Bokkeveld,2021,49,0.0
Warm Bokkeveld,2021,50,0.0004
Warm Bokkeveld,2021,51,0.0
Warm Bokkeveld,2021,52,0.0
Warm Bokkeveld,2022,1,0.067
Warm Bokkeveld,2022,2,0.054
Warm Bokkeveld,2022,3,0.023
Warm Bokkeveld,2022,4,0.026
Warm Bokkeveld,2022,5,0.049
Warm Bokkeveld,2022,6,0.063
Warm Bokkeveld,2022,7,0.046
Warm Bokkeveld,2022,8,0.101
Warm Bokkeveld,2022,9,0.231
Warm Bokkeveld,2022,10,0.13
Warm Bokkeveld,2022,11,0.164
Warm Bokkeveld,2022,12,0.213
Warm Bokkeveld,2022,13,0.463
Warm Bokkeveld,2022,14,0.621
Warm Bokkeveld,2022,15,0.37
Warm Bokkeveld,2022,16,0.559
Warm Bokkeveld,2022,17,0.104
Warm Bokkeveld,2022,18,0.113
Warm Bokkeveld,2022,19,0.131
Warm Bokkeveld,2022,20,0.0
Warm Bokkeveld,2022,21,0.154
Warm Bokkeveld,2022,22,0.119
Warm Bokkeveld,2022,23,0.099
Warm Bokkeveld,2022,24,0.046
Warm Bokkeveld,2022,25,0.025
Warm Bokkeveld,2022,26,0.149
Warm Bokkeveld,2022,33,0.569
Warm Bokkeveld,2022,34,0.0
Warm Bokkeveld,2022,35,0.0
Warm Bokkeveld,2022,36,0.0
Warm Bokkeveld,2022,37,0.0
Warm Bokkeveld,2022,38,0.0
Warm Bokkeveld,2022,39,0.0
Warm Bokkeveld,2022,40,0.004
Warm Bokkeveld,2022,41,0.009
Warm Bokkeveld,2022,42,0.03
Warm Bokkeveld,2022,43,0.004
Warm Bokkeveld,2022,44,0.0049
Warm Bokkeveld,2022,45,0.006
Warm Bokkeveld,2022,46,0.013
Warm Bokkeveld,2022,47,0.004
Warm Bokkeveld,2022,48,0.014
Warm Bokkeveld,2022,49,0.014
Warm Bokkeveld,2022,50,0.0
Warm Bokkeveld,2022,51,0.0
Warm Bokkeveld,2022,52,0.0
Warm Bokkeveld,2023,1,0.053
Warm Bokkeveld,2023,2,0.053
Warm Bokkeveld,2023,3,0.027
Warm Bokkeveld,2023,4,0.06
Warm Bokkeveld,2023,5,0.045
Warm Bokkeveld,2023,6,0.079
Warm Bokkeveld,2023,7,0.03
Warm Bokkeveld,2023,8,0.031
Warm Bokkeveld,2023,9,0.03
Warm Bokkeveld,2023,10,0.02
Warm Bokkeveld,2023,11,0.02
Warm Bokkeveld,2023,12,0.01
Warm Bokkeveld,2023,13,0.05
Warm Bokkeveld,2023,14,0.046
Warm Bokkeveld,2023,15,0.039
Warm Bokkeveld,2023,16,0.013
Warm Bokkeveld,2023,17,0.0
Warm Bokkeveld,2023,18,0.017
Warm Bokkeveld,2023,19,0.018
Warm Bokkeveld,2023,20,0.024
Warm Bokkeveld,2023,21,0.0
Warm Bokkeveld,2023,22,0.0
Warm Bokkeveld,2023,23,0.0
Warm Bokkeveld,2023,24,0.0
Warm Bokkeveld,2023,25,0.0
Warm Bokkeveld,2023,26,0.1558
Warm Bokkeveld,2023,27,0.002
Warm Bokkeveld,2023,28,0.0
Warm Bokkeveld,2023,29,0.0
Warm Bokkeveld,2023,30,0.0
Warm Bokkeveld,2023,31,0.0
Warm Bokkeveld,2023,32,0.0
Warm Bokkeveld,2023,33,0.0
Warm Bokkeveld,2023,34,0.0009
Warm Bokkeveld,2023,35,0.0
Warm Bokkeveld,2023,36,0.0
Warm Bokkeveld,2023,37,0.0
Warm Bokkeveld,2023,38,0.0
Warm Bokkeveld,2023,39,0.0
Warm Bokkeveld,2023,40,0.0
Warm Bokkeveld,2023,41,0.0
Warm Bokkeveld,2023,42,0.0
Warm Bokkeveld,2023,43,0.004
Warm Bokkeveld,2023,44,0.001
Warm Bokkeveld,2023,45,0.002
Warm Bokkeveld,2023,46,0.006
Warm Bokkeveld,2023,47,0.006
Warm Bokkeveld,2023,48,0.001
Warm Bokkeveld,2023,49,0.0045
Warm Bokkeveld,2023,50,0.006
Warm Bokkeveld,2023,51,0.003
Warm Bokkeveld,2023,52,0.0085
Warm Bokkeveld,2024,1,0.022
Warm Bokkeveld,2024,2,0.02
Warm Bokkeveld,2024,3,0.006
Warm Bokkeveld,2024,4,0.021
Warm Bokkeveld,2024,5,0.026
Warm Bokkeveld,2024,6,0.011
Warm Bokkeveld,2024,7,0.016
Warm Bokkeveld,2024,8,0.017
Warm Bokkeveld,2024,9,0.005
Warm Bokkeveld,2024,10,0.051
Warm Bokkeveld,2024,11,0.049
Warm Bokkeveld,2024,12,0.034
Warm Bokkeveld,2024,13,0.029
Warm Bokkeveld,2024,14,0.03
Warm Bokkeveld,2024,15,0.0888
Warm Bokkeveld,2024,16,0.135
Warm Bokkeveld,2024,17,0.12
Warm Bokkeveld,2024,18,0.0026
Warm Bokkeveld,2024,19,0.085
Warm Bokkeveld,2024,20,0.076
Warm Bokkeveld,2024,21,0.062
Warm Bokkeveld,2024,22,0.013
Warm Bokkeveld,2024,23,0.0
Warm Bokkeveld,2024,24,0.0
Warm Bokkeveld,2024,25,0.0
Warm Bokkeveld,2024,26,0.0
Warm Bokkeveld,2024,27,0.0
Warm Bokkeveld,2024,28,0.0
Warm Bokkeveld,2024,29,0.0
Warm Bokkeveld,2024,30,0.0
Warm Bokkeveld,2024,31,0.0
Warm Bokkeveld,2024,32,0.0
Warm Bokkeveld,2024,33,0.0
Warm Bokkeveld,2024,34,0.0
Warm Bokkeveld,2024,35,0.0
Warm Bokkeveld,2024,36,0.0
Warm Bokkeveld,2024,37,0.0
Warm Bokkeveld,2024,38,0.0
Warm Bokkeveld,2024,39,0.0
Warm Bokkeveld,2024,40,0.0
Warm Bokkeveld,2024,41,0.002
Warm Bokkeveld,2024,42,0.001
Warm Bokkeveld,2024,43,0.0005
Warm Bokkeveld,2024,44,0.0025
Warm Bokkeveld,2024,45,0.001
Warm Bokkeveld,2024,46,0.0
Warm Bokkeveld,2024,47,0.0024
Warm Bokkeveld,2024,48,0.0025
Warm Bokkeveld,2024,49,0.0009
Warm Bokkeveld,2024,50,0.004
Warm Bokkeveld,2024,51,0.001
Warm Bokkeveld,2024,52,0.0
Warm Bokkeveld,2025,1,0.0
Warm Bokkeveld,2025,2,0.006
Warm Bokkeveld,2025,3,0.003
Warm Bokkeveld,2025,4,0.01
Warm Bokkeveld,2025,5,0.01
Warm Bokkeveld,2025,6,0.015
Warm Bokkeveld,2025,7,0.02
Warm Bokkeveld,2025,8,0.02
Warm Bokkeveld,2025,9,0.01
Warm Bokkeveld,2025,10,0.02
Warm Bokkeveld,2025,11,0.04
Warm Bokkeveld,2025,12,0.018
Warm Bokkeveld,2025,13,0.05
Warm Bokkeveld,2025,14,0.027
Warm Bokkeveld,2025,15,0.03
Warm Bokkeveld,2025,16,0.065
Warm Bokkeveld,2025,17,0.042
Warm Bokkeveld,2025,18,0.016
Warm Bokkeveld,2025,19,0.053
Warm Bokkeveld,2025,20,0.078
Warm Bokkeveld,2025,21,0.025
Warm Bokkeveld,2025,22,0.007
Warm Bokkeveld,2025,23,0.011
Warm Bokkeveld,2025,24,0.004
Warm Bokkeveld,2025,27,0.007
Warm Bokkeveld,2025,28,0.012
Warm Bokkeveld,2025,29,0.005
Warm Bokkeveld,2025,30,0.001
Warm Bokkeveld,2025,31,0.0
Warm Bokkeveld,2025,32,0.008
Warm Bokkeveld,2025,33,0.003
Warm Bokkeveld,2025,34,0.0
Warm Bokkeveld,2025,35,0.0
Warm Bokkeveld,2025,36,0.008
Warm Bokkeveld,2025,37,0.003
Warm Bokkeveld,2025,38,0.0
Warm Bokkeveld,2025,39,0.004
Warm Bokkeveld,2025,40,0.0
Warm Bokkeveld,2025,41,0.006
Warm Bokkeveld,2025,42,0.003
Warm Bokkeveld,2025,43,0.003
Warm Bokkeveld,2025,44,0.001
Warm Bokkeveld,2025,45,0.0
Warm Bokkeveld,2025,46,0.002
Warm Bokkeveld,2025,47,0.004
Warm Bokkeveld,2025,48,0.0079
Warm Bokkeveld,2025,49,0.01
Warm Bokkeveld,2025,50,0.011
Warm Bokkeveld,2025,51,0.012
Warm Bokkeveld,2025,52,0.007
Warm Bokkeveld,2026,1,0.011
Warm Bokkeveld,2026,2,0.01
Warm Bokkeveld,2026,3,0.013
Warm Bokkeveld,2026,4,0.029
Warm Bokkeveld,2026,5,0.029
Warm Bokkeveld,2026,6,0.036
Warm Bokkeveld,2026,7,0.043
Warm Bokkeveld,2026,8,0.053
Warm Bokkeveld,2026,9,0.051
Warm Bokkeveld,2026,10,0.059
Warm Bokkeveld,2026,11,0.126
Warm Bokkeveld,2026,12,0.116
Warm Bokkeveld,2026,13,0.047
Warm Bokkeveld,2026,14,0.052
Warm Bokkeveld,2026,15,0.073
Warm Bokkeveld,2026,16,0.043
Warm Bokkeveld,2026,17,0.06
Warm Bokkeveld,2026,19,0.029
Warm Bokkeveld,2026,22,0.009
Warm Bokkeveld,2026,23,0.0029
Warm Bokkeveld,2026,24,0.0039
Warm Bokkeveld,2026,25,0.0049
Warm Bokkeveld,2026,26,0.0049
Warm Bokkeveld,2026,27,0.0059
Warm Bokkeveld,2026,28,0.0019
Warm Bokkeveld,2026,29,0.0
Warm Bokkeveld,2026,30,0.007
Warm Bokkeveld,2026,31,0.006
Warm Bokkeveld,2026,32,0.001
Warm Bokkeveld,2026,33,0.0
Wolseley,2010,1,2.2067
Wolseley,2010,2,1.7161
Wolseley,2010,3,2.8364
Wolseley,2010,4,2.9699
Wolseley,2010,5,4.4379
Wolseley,2010,6,4.56
Wolseley,2010,7,4.872
Wolseley,2010,8,4.678
Wolseley,2010,9,5.578
Wolseley,2010,10,5.987
Wolseley,2010,11,16.346
Wolseley,2010,12,16.678
Wolseley,2010,13,17.12
Wolseley,2010,14,17.29
Wolseley,2010,15,26.998
Wolseley,2010,16,27.124
Wolseley,2010,17,27.675
Wolseley,2010,18,29.714
Wolseley,2010,19,19.456
Wolseley,2010,20,15.7064
Wolseley,2010,21,26.009
Wolseley,2010,22,16.3088
Wolseley,2010,23,16.216
Wolseley,2010,24,17.645
Wolseley,2010,25,17.213
Wolseley,2010,26,18.953
Wolseley,2010,27,12.651
Wolseley,2010,28,6.891
Wolseley,2010,29,5.656
Wolseley,2010,30,2.754
Wolseley,2010,31,0.7714
Wolseley,2010,32,0.771
Wolseley,2010,33,1.2228
Wolseley,2010,34,0.9468
Wolseley,2010,35,0.3714
Wolseley,2010,36,0.188
Wolseley,2010,37,0.1351
Wolseley,2010,38,0.1861
Wolseley,2010,39,0.1461
Wolseley,2010,40,0.099
Wolseley,2010,41,1.465
Wolseley,2010,42,1.88
Wolseley,2010,43,2.1885
Wolseley,2010,44,1.865
Wolseley,2010,45,0.921
Wolseley,2010,46,0.1922
Wolseley,2010,47,0.1465
Wolseley,2010,48,0.2227
Wolseley,2010,49,0.06109
Wolseley,2010,50,0.9868
Wolseley,2010,51,1.1056
Wolseley,2010,52,1.139
Wolseley,2011,1,2.61654
Wolseley,2011,2,1.40225
Wolseley,2011,3,1.46052
Wolseley,2011,4,1.0883
Wolseley,2011,5,2.0657
Wolseley,2011,6,2.109
Wolseley,2011,7,2.367
Wolseley,2011,8,3.067
Wolseley,2011,9,4.78
Wolseley,2011,10,5.865
Wolseley,2011,11,15.678
Wolseley,2011,12,15.289
Wolseley,2011,13,15.724
Wolseley,2011,14,21.89
Wolseley,2011,15,26.178
Wolseley,2011,16,26.367
Wolseley,2011,17,26.72
Wolseley,2011,18,27.375
Wolseley,2011,19,16.3452
Wolseley,2011,20,15.961
Wolseley,2011,21,25.667
Wolseley,2011,22,26.451
Wolseley,2011,23,27.922
Wolseley,2011,24,21.006
Wolseley,2011,25,15.916
Wolseley,2011,26,12.863
Wolseley,2011,27,9.651
Wolseley,2011,28,4.841
Wolseley,2011,29,3.662
Wolseley,2011,30,2.145
Wolseley,2011,31,0.886
Wolseley,2011,32,0.678
Wolseley,2011,33,0.887
Wolseley,2011,34,0.765
Wolseley,2011,35,0.295
Wolseley,2011,36,0.145
Wolseley,2011,37,0.1012
Wolseley,2011,38,0.114
Wolseley,2011,39,0.087
Wolseley,2011,40,0.065
Wolseley,2011,41,0.456
Wolseley,2011,42,0.976
Wolseley,2011,43,1.002
Wolseley,2011,44,1.478
Wolseley,2011,45,1.011
Wolseley,2011,46,0.089
Wolseley,2011,47,0.067
Wolseley,2011,48,0.178
Wolseley,2011,49,0.181
Wolseley,2011,50,0.256
Wolseley,2011,51,0.965
Wolseley,2011,52,1.012
Wolseley,2012,1,0.4494
Wolseley,2012,2,1.1135
Wolseley,2012,3,1.3189
Wolseley,2012,4,1.9256
Wolseley,2012,5,2.3174
Wolseley,2012,6,1.77
Wolseley,2012,7,2.64
Wolseley,2012,8,3.1
Wolseley,2012,9,4.45
Wolseley,2012,10,5.85
Wolseley,2012,11,13.2
Wolseley,2012,12,11.48
Wolseley,2012,13,10.37
Wolseley,2012,14,18.88
Wolseley,2012,15,24.02
Wolseley,2012,16,24.46
Wolseley,2012,17,26.63
Wolseley,2012,18,28.965
Wolseley,2012,19,34.789
Wolseley,2012,20,31.76
Wolseley,2012,21,28.6
Wolseley,2012,22,24.467
Wolseley,2012,23,21.8
Wolseley,2012,24,24.32
Wolseley,2012,25,13.62
Wolseley,2012,26,9.476
Wolseley,2012,27,7.0016
Wolseley,2012,28,4.2863
Wolseley,2012,29,3.666
Wolseley,2012,30,2.542
Wolseley,2012,31,1.036
Wolseley,2012,32,0.763
Wolseley,2012,33,0.452
Wolseley,2012,34,0.328
Wolseley,2012,35,0.216
Wolseley,2012,36,0.0048
Wolseley,2012,37,0.0041
Wolseley,2012,38,0.0019
Wolseley,2012,39,0.0
Wolseley,2012,40,0.0
Wolseley,2012,41,0.0
Wolseley,2012,42,0.0
Wolseley,2012,43,0.0756
Wolseley,2012,44,0.23319
Wolseley,2012,45,0.0452
Wolseley,2012,46,0.924
Wolseley,2012,47,1.745
Wolseley,2012,48,0.468
Wolseley,2012,49,0.771
Wolseley,2012,50,0.2289
Wolseley,2012,51,0.155
Wolseley,2012,52,0.149
Wolseley,2013,1,0.11765
Wolseley,2013,2,0.9937
Wolseley,2013,3,0.1995
Wolseley,2013,4,2.0924
Wolseley,2013,5,2.561
Wolseley,2013,6,3.142
Wolseley,2013,7,2.977
Wolseley,2013,8,4.45
Wolseley,2013,9,3.8853
Wolseley,2013,10,3.768
Wolseley,2013,11,3.841
Wolseley,2013,12,4.579
Wolseley,2013,13,4.448
Wolseley,2013,14,5.729
Wolseley,2013,15,8.868
Wolseley,2013,16,7.819
Wolseley,2013,17,14.878
Wolseley,2013,18,15.307
Wolseley,2013,19,17.501
Wolseley,2013,20,31.589
Wolseley,2013,21,39.6223
Wolseley,2013,22,21.56
Wolseley,2013,23,3.02
Wolseley,2013,24,2.8244
Wolseley,2013,25,7.836
Wolseley,2014,1,0.976
Wolseley,2014,2,1.0567
Wolseley,2014,3,0.987
Wolseley,2014,4,0.678
Wolseley,2014,5,1.066
Wolseley,2014,6,0.975
Wolseley,2014,7,1.236
Wolseley,2014,8,1.689
Wolseley,2014,9,1.8885
Wolseley,2014,10,2.123
Wolseley,2014,11,2.624
Wolseley,2014,12,2.7045
Wolseley,2014,13,4.332
Wolseley,2014,14,9.1281
Wolseley,2014,15,9.1448
Wolseley,2014,16,11.0176
Wolseley,2014,17,14.9883
Wolseley,2014,18,16.245
Wolseley,2014,19,13.125
Wolseley,2014,20,4.5899
Wolseley,2014,21,2.835
Wolseley,2014,22,2.635
Wolseley,2014,23,2.788
Wolseley,2014,24,2.126
Wolseley,2014,25,1.0678
Wolseley,2014,26,0.9455
Wolseley,2014,27,0.054
Wolseley,2014,28,0.0
Wolseley,2014,29,0.0
Wolseley,2014,30,0.047
Wolseley,2014,31,0.0255
Wolseley,2014,32,0.0367
Wolseley,2014,33,0.0025
Wolseley,2014,34,0.0
Wolseley,2014,35,0.0
Wolseley,2014,36,0.0
Wolseley,2014,37,0.0
Wolseley,2014,38,0.0
Wolseley,2014,39,0.0
Wolseley,2014,40,0.0
Wolseley,2014,41,0.0
Wolseley,2014,42,0.0
Wolseley,2014,43,0.0
Wolseley,2014,44,0.0
Wolseley,2014,45,0.00895
Wolseley,2014,46,0.039
Wolseley,2014,47,0.00591
Wolseley,2014,48,0.0234
Wolseley,2014,49,0.1683
Wolseley,2014,50,0.17613
Wolseley,2014,51,0.22505
Wolseley,2014,52,0.23651
Wolseley,2015,1,0.0547
Wolseley,2015,2,0.66341
Wolseley,2015,3,0.2152
Wolseley,2015,4,0.3229
Wolseley,2015,5,0.3972
Wolseley,2015,6,0.18
Wolseley,2015,7,0.8787
Wolseley,2015,8,0.3538
Wolseley,2015,9,0.231
Wolseley,2015,10,0.71
Wolseley,2015,11,0.273
Wolseley,2015,12,1.562
Wolseley,2015,13,0.432
Wolseley,2015,14,2.841
Wolseley,2015,15,5.277
Wolseley,2015,16,2.986
Wolseley,2015,17,3.77
Wolseley,2015,18,3.77
Wolseley,2015,19,3.982
Wolseley,2015,20,3.597
Wolseley,2015,21,2.0
Wolseley,2015,22,2.114
Wolseley,2015,23,0.9163
Wolseley,2015,24,0.096
Wolseley,2015,25,0.0505
Wolseley,2015,26,0.0
Wolseley,2015,27,0.0
Wolseley,2015,28,0.0
Wolseley,2015,29,0.0
Wolseley,2015,30,0.0
Wolseley,2015,31,0.0
Wolseley,2015,32,0.0
Wolseley,2015,33,0.0
Wolseley,2015,34,0.0
Wolseley,2015,35,0.0
Wolseley,2015,36,0.0
Wolseley,2015,37,0.0
Wolseley,2015,38,0.0
Wolseley,2015,39,0.0
Wolseley,2015,40,0.0069
Wolseley,2015,41,0.0
Wolseley,2015,42,0.00174
Wolseley,2015,43,0.0156
Wolseley,2015,44,0.0278
Wolseley,2015,45,0.0104
Wolseley,2015,46,0.048
Wolseley,2015,47,0.0354
Wolseley,2015,48,0.0234
Wolseley,2015,49,0.0505
Wolseley,2015,50,0.115
Wolseley,2015,51,0.0922
Wolseley,2015,52,0.0923
Wolseley,2016,1,0.164
Wolseley,2016,2,0.2351
Wolseley,2016,3,0.0935
Wolseley,2016,4,0.235
Wolseley,2016,5,0.651
Wolseley,2016,6,1.264
Wolseley,2016,7,0.087
Wolseley,2016,8,0.0733
Wolseley,2016,9,0.2895
Wolseley,2016,10,0.3261
Wolseley,2016,11,0.6965
Wolseley,2016,12,0.867
Wolseley,2016,13,0.91
Wolseley,2016,14,1.5107
Wolseley,2016,15,1.608
Wolseley,2016,16,2.79
Wolseley,2016,17,2.456
Wolseley,2016,18,3.1706
Wolseley,2016,19,2.1706
Wolseley,2016,20,2.1605
Wolseley,2016,21,0.92162
Wolseley,2016,22,1.0708
Wolseley,2016,23,0.114
Wolseley,2016,24,0.1605
Wolseley,2016,25,0.003
Wolseley,2016,26,0.0
Wolseley,2016,27,0.0
Wolseley,2016,28,0.0
Wolseley,2016,29,0.0
Wolseley,2016,30,0.0
Wolseley,2016,31,0.0
Wolseley,2016,32,0.0
Wolseley,2016,33,0.0
Wolseley,2016,34,0.0
Wolseley,2016,35,0.0
Wolseley,2016,36,0.0
Wolseley,2016,37,0.0
Wolseley,2016,38,0.0
Wolseley,2016,39,0.0
Wolseley,2016,40,0.0
Wolseley,2016,41,0.0
Wolseley,2016,42,0.005
Wolseley,2016,43,0.0265
Wolseley,2016,44,0.0139
Wolseley,2016,45,0.0186
Wolseley,2016,46,0.0111
Wolseley,2016,47,0.0021
Wolseley,2016,48,0.0968
Wolseley,2016,49,0.0999
Wolseley,2016,50,0.124
Wolseley,2016,51,0.122
Wolseley,2016,52,0.088
Wolseley,2017,1,0.139
Wolseley,2017,2,0.047
Wolseley,2017,3,0.073
Wolseley,2017,4,0.0658
Wolseley,2017,5,0.024
Wolseley,2017,6,0.023
Wolseley,2017,7,0.095
Wolseley,2017,8,0.105
Wolseley,2017,9,0.3055
Wolseley,2017,10,0.568
Wolseley,2017,11,0.78
Wolseley,2017,12,0.793
Wolseley,2017,13,0.718
Wolseley,2017,14,0.819
Wolseley,2017,15,0.249
Wolseley,2017,16,0.642
Wolseley,2017,17,1.226
Wolseley,2017,18,0.603
Wolseley,2017,19,0.9863
Wolseley,2017,20,0.792
Wolseley,2017,21,0.7764
Wolseley,2017,22,0.4062
Wolseley,2017,23,0.381
Wolseley,2017,24,0.009
Wolseley,2017,25,0.0
Wolseley,2017,26,0.0
Wolseley,2017,27,0.0
Wolseley,2017,28,0.0
Wolseley,2017,29,0.0
Wolseley,2017,30,0.0
Wolseley,2017,31,0.0
Wolseley,2017,32,0.0
Wolseley,2017,33,0.0
Wolseley,2017,34,0.0
Wolseley,2017,35,0.0
Wolseley,2017,36,0.0
Wolseley,2017,37,0.0
Wolseley,2017,38,0.0
Wolseley,2017,39,0.0
Wolseley,2017,40,0.0
Wolseley,2017,41,0.0
Wolseley,2017,42,0.0087
Wolseley,2017,43,0.017
Wolseley,2017,44,0.0124
Wolseley,2017,45,0.0099
Wolseley,2017,46,0.00497
Wolseley,2017,47,0.0347
Wolseley,2017,48,0.072
Wolseley,2017,49,0.0658
Wolseley,2017,50,0.0484
Wolseley,2017,51,0.0484
Wolseley,2017,52,0.0854
Wolseley,2018,1,0.1142
Wolseley,2018,2,0.0434
Wolseley,2018,3,0.1565
Wolseley,2018,4,0.0323
Wolseley,2018,5,0.2832
Wolseley,2018,6,0.0695
Wolseley,2018,7,0.2534
Wolseley,2018,8,0.454
Wolseley,2018,9,0.0894
Wolseley,2018,10,0.185
Wolseley,2018,11,0.714
Wolseley,2018,12,0.2894
Wolseley,2018,13,0.2198
Wolseley,2018,14,0.2447
Wolseley,2018,15,0.597
Wolseley,2018,16,0.71
Wolseley,2018,17,0.637
Wolseley,2018,18,0.329
Wolseley,2018,19,0.745
Wolseley,2018,20,0.575
Wolseley,2018,21,0.315
Wolseley,2018,22,0.131
Wolseley,2018,23,0.0049
Wolseley,2018,24,0.028
Wolseley,2018,25,0.0
Wolseley,2018,26,0.0
Wolseley,2018,27,0.0
Wolseley,2018,28,0.0
Wolseley,2018,29,0.0
Wolseley,2018,30,0.0
Wolseley,2018,31,0.0
Wolseley,2018,32,0.0
Wolseley,2018,33,0.0
Wolseley,2018,34,0.0
Wolseley,2018,35,0.0
Wolseley,2018,36,0.0
Wolseley,2018,37,0.0
Wolseley,2018,38,0.0
Wolseley,2018,39,0.0
Wolseley,2018,40,0.0
Wolseley,2018,41,0.0049
Wolseley,2018,42,0.008
Wolseley,2018,43,0.0037
Wolseley,2018,44,0.0049
Wolseley,2018,45,0.0074
Wolseley,2018,46,0.03354
Wolseley,2018,47,0.0285
Wolseley,2018,48,0.0273
Wolseley,2018,49,0.067
Wolseley,2018,50,0.0223
Wolseley,2018,51,0.0621
Wolseley,2018,52,0.085
Wolseley,2019,1,0.2819
Wolseley,2019,2,0.0981
Wolseley,2019,3,0.1813
Wolseley,2019,4,0.2149
Wolseley,2019,5,0.0993
Wolseley,2019,6,0.308
Wolseley,2019,7,0.23
Wolseley,2019,8,0.3975
Wolseley,2019,9,0.381
Wolseley,2019,10,0.493
Wolseley,2019,11,0.619
Wolseley,2019,12,0.768
Wolseley,2019,13,0.975
Wolseley,2019,14,0.56
Wolseley,2019,15,0.2844
Wolseley,2019,16,0.45
Wolseley,2019,17,0.45
Wolseley,2019,18,0.425
Wolseley,2019,19,0.267
Wolseley,2019,20,0.225
Wolseley,2019,21,0.147
Wolseley,2019,22,0.0714
Wolseley,2019,23,0.056
Wolseley,2019,24,0.13
Wolseley,2019,25,0.042
Wolseley,2019,26,0.0
Wolseley,2019,27,0.0
Wolseley,2019,28,0.0
Wolseley,2019,29,0.0
Wolseley,2019,30,0.0
Wolseley,2019,31,0.0
Wolseley,2019,32,0.0
Wolseley,2019,33,0.0
Wolseley,2019,34,0.0
Wolseley,2019,35,0.016
Wolseley,2019,36,0.0
Wolseley,2019,37,0.001
Wolseley,2019,38,0.001
Wolseley,2019,39,0.006
Wolseley,2019,40,0.001
Wolseley,2019,41,0.005
Wolseley,2019,42,0.29
Wolseley,2019,43,0.012
Wolseley,2019,44,0.004
Wolseley,2019,45,0.004
Wolseley,2019,46,0.002
Wolseley,2019,47,0.001
Wolseley,2019,48,0.023
Wolseley,2019,49,0.031
Wolseley,2019,50,0.033
Wolseley,2019,51,0.038
Wolseley,2019,52,0.041
Wolseley,2020,1,0.038
Wolseley,2020,2,0.028
Wolseley,2020,3,0.019
Wolseley,2020,4,0.368
Wolseley,2020,5,0.058
Wolseley,2020,6,0.04
Wolseley,2020,7,0.063
Wolseley,2020,8,0.069
Wolseley,2020,9,0.386
Wolseley,2020,10,0.107
Wolseley,2020,11,0.168
Wolseley,2020,12,0.147
Wolseley,2020,13,0.028
Wolseley,2020,41,0.012
Wolseley,2020,42,0.001
Wolseley,2020,43,0.001
Wolseley,2020,44,0.007
Wolseley,2020,45,0.028
Wolseley,2020,46,0.0011
Wolseley,2020,47,0.021
Wolseley,2020,48,0.009
Wolseley,2020,49,0.005
Wolseley,2020,50,0.001
Wolseley,2020,51,0.065
Wolseley,2020,52,0.21
Wolseley,2021,1,0.044
Wolseley,2021,2,0.06
Wolseley,2021,3,0.051
Wolseley,2021,4,0.51
Wolseley,2021,5,0.109
Wolseley,2021,6,0.023
Wolseley,2021,7,0.029
Wolseley,2021,8,0.106
Wolseley,2021,9,0.142
Wolseley,2021,10,0.295
Wolseley,2021,11,0.057
Wolseley,2021,12,0.293
Wolseley,2021,13,0.289
Wolseley,2021,14,0.475
Wolseley,2021,15,0.24
Wolseley,2021,16,0.117
Wolseley,2021,17,0.578
Wolseley,2021,18,0.292
Wolseley,2021,19,0.578
Wolseley,2021,20,0.265
Wolseley,2021,21,0.11
Wolseley,2021,22,0.11
Wolseley,2021,23,0.04
Wolseley,2021,24,0.047
Wolseley,2021,25,0.039
Wolseley,2021,36,0.018
Wolseley,2021,37,0.001
Wolseley,2021,38,0.001
Wolseley,2021,39,0.006
Wolseley,2021,40,0.001
Wolseley,2021,41,0.005
Wolseley,2021,42,0.29
Wolseley,2021,43,0.012
Wolseley,2021,44,0.019
Wolseley,2021,45,0.028
Wolseley,2021,46,0.018
Wolseley,2021,47,0.023
Wolseley,2021,48,0.095
Wolseley,2021,49,0.0045
Wolseley,2021,50,0.037
Wolseley,2021,51,0.06
Wolseley,2021,52,0.23
Wolseley,2022,1,0.067
Wolseley,2022,2,0.054
Wolseley,2022,3,0.023
Wolseley,2022,4,0.026
Wolseley,2022,5,0.049
Wolseley,2022,6,0.063
Wolseley,2022,7,0.046
Wolseley,2022,8,0.101
Wolseley,2022,9,0.231
Wolseley,2022,10,0.13
Wolseley,2022,11,0.164
Wolseley,2022,12,0.213
Wolseley,2022,13,0.463
Wolseley,2022,14,0.621
Wolseley,2022,15,0.37
Wolseley,2022,16,0.559
Wolseley,2022,17,0.104
Wolseley,2022,18,0.113
Wolseley,2022,19,0.131
Wolseley,2022,20,0.0
Wolseley,2022,21,0.154
Wolseley,2022,22,0.119
Wolseley,2022,23,0.099
Wolseley,2022,24,0.046
Wolseley,2022,25,0.025
Wolseley,2022,26,0.149
Wolseley,2022,33,0.569
Wolseley,2022,36,0.001
Wolseley,2022,37,0.001
Wolseley,2022,38,0.0
Wolseley,2022,39,0.003
Wolseley,2022,40,0.015
Wolseley,2022,41,0.028
Wolseley,2022,42,0.012
Wolseley,2022,43,0.04
Wolseley,2022,44,0.049
Wolseley,2022,45,0.13
Wolseley,2022,46,0.057
Wolseley,2022,47,0.05
Wolseley,2022,48,0.128
Wolseley,2022,49,0.034
Wolseley,2022,50,0.0
Wolseley,2022,51,0.0
Wolseley,2022,52,0.0
Wolseley,2023,1,0.047
Wolseley,2023,2,0.149
Wolseley,2023,3,0.141
Wolseley,2023,4,0.056
Wolseley,2023,5,0.097
Wolseley,2023,6,0.11
Wolseley,2023,7,0.07
Wolseley,2023,8,0.234
Wolseley,2023,9,0.058
Wolseley,2023,10,0.0
Wolseley,2023,11,0.9
Wolseley,2023,12,0.12
Wolseley,2023,13,0.25
Wolseley,2023,14,0.17
Wolseley,2023,15,0.113
Wolseley,2023,16,0.0
Wolseley,2023,17,0.0
Wolseley,2023,18,0.13
Wolseley,2023,19,0.484
Wolseley,2023,20,0.0
Wolseley,2023,21,0.556
Wolseley,2023,22,0.009
Wolseley,2023,23,0.005
Wolseley,2023,24,0.0
Wolseley,2023,25,0.0
Wolseley,2023,26,0.0
Wolseley,2023,27,0.0
Wolseley,2023,28,0.0
Wolseley,2023,29,0.0
Wolseley,2023,30,0.0
Wolseley,2023,31,0.0
Wolseley,2023,32,0.0
Wolseley,2023,33,0.0
Wolseley,2023,34,0.0
Wolseley,2023,35,0.0
Wolseley,2023,36,0.0
Wolseley,2023,41,0.0
Wolseley,2023,42,0.0
Wolseley,2023,43,0.0
Wolseley,2023,44,0.0
Wolseley,2023,45,0.01
Wolseley,2023,46,0.01
Wolseley,2023,47,0.01
Wolseley,2023,48,0.01
Wolseley,2023,49,0.01
Wolseley,2023,50,0.01
Wolseley,2023,51,0.01
Wolseley,2023,52,0.0
Wolseley,2024,1,0.01
Wolseley,2024,2,0.02
Wolseley,2024,3,0.02
Wolseley,2024,4,0.04
Wolseley,2024,5,0.11
Wolseley,2024,6,0.05
Wolseley,2024,7,0.02
Wolseley,2024,8,0.08
Wolseley,2024,9,0.06
Wolseley,2024,10,0.07
Wolseley,2024,11,0.08
Wolseley,2024,12,0.06
Wolseley,2024,13,0.06
Wolseley,2024,14,0.11
Wolseley,2024,15,0.17
Wolseley,2024,16,0.1
Wolseley,2024,17,0.08
Wolseley,2024,18,0.03
Wolseley,2024,19,0.2
Wolseley,2024,20,0.19
Wolseley,2024,21,0.15
Wolseley,2024,22,0.01
Wolseley,2024,23,0.06
Wolseley,2024,24,0.0
Wolseley,2024,25,0.0
Wolseley,2024,26,0.0
Wolseley,2024,27,0.0
Wolseley,2024,28,0.0
Wolseley,2024,29,0.0
Wolseley,2024,30,0.0
Wolseley,2024,31,0.0
Wolseley,2024,32,0.0
Wolseley,2024,33,0.0
Wolseley,2024,34,0.0
Wolseley,2024,35,0.0
Wolseley,2024,36,0.0
Wolseley,2024,37,0.0
Wolseley,2024,38,0.0
Wolseley,2024,39,0.0
Wolseley,2024,40,0.0
Wolseley,2024,41,0.0
Wolseley,2024,42,0.0
Wolseley,2024,43,0.0
Wolseley,2024,44,0.0
Wolseley,2024,45,0.0
Wolseley,2024,46,0.0
Wolseley,2024,47,0.0
Wolseley,2024,48,0.0
Wolseley,2024,49,0.0
Wolseley,2024,50,0.04
Wolseley,2024,51,0.02
Wolseley,2024,52,0.0
Wolseley,2025,1,0.0
Wolseley,2025,2,0.06
Wolseley,2025,3,0.06
Wolseley,2025,4,0.02
Wolseley,2025,5,0.03
Wolseley,2025,6,0.02
Wolseley,2025,7,0.02
Wolseley,2025,8,0.02
Wolseley,2025,9,0.012
Wolseley,2025,10,0.04
Wolseley,2025,11,0.01
Wolseley,2025,12,0.04
Wolseley,2025,13,0.02
Wolseley,2025,14,0.04
Wolseley,2025,15,0.05
Wolseley,2025,16,0.07
Wolseley,2025,17,0.18
Wolseley,2025,18,0.07
Wolseley,2025,19,0.34
Wolseley,2025,20,0.17
Wolseley,2025,21,0.16
Wolseley,2025,22,0.18
Wolseley,2025,23,0.04
Wolseley,2025,24,0.01
Wolseley,2025,25,0.02
Wolseley,2025,26,0.01
Wolseley,2025,27,0.0
Wolseley,2025,28,0.0
Wolseley,2025,29,0.01
Wolseley,2025,30,0.01
Wolseley,2025,31,0.01
Wolseley,2025,32,0.0
Wolseley,2025,33,0.01
Wolseley,2025,34,0.0
Wolseley,2025,35,0.0
Wolseley,2025,36,0.01
Wolseley,2025,37,0.01
Wolseley,2025,38,0.0
Wolseley,2025,39,0.01
Wolseley,2025,40,0.01
Wolseley,2025,41,0.01
Wolseley,2025,42,0.02
Wolseley,2025,43,0.02
Wolseley,2025,44,0.0
Wolseley,2025,45,0.01
Wolseley,2025,46,0.02
Wolseley,2025,47,0.02
Wolseley,2025,48,0.01
Wolseley,2025,49,0.04
Wolseley,2025,50,0.05
Wolseley,2025,51,0.03
Wolseley,2025,52,0.0
Wolseley,2026,1,0.028
Wolseley,2026,2,0.11
Wolseley,2026,3,0.4
Wolseley,2026,4,0.02
Wolseley,2026,5,0.04
Wolseley,2026,6,0.04
Wolseley,2026,7,0.04
Wolseley,2026,8,0.1
Wolseley,2026,9,0.08
Wolseley,2026,10,0.04
Wolseley,2026,11,0.04
Wolseley,2026,12,0.04
Wolseley,2026,13,0.08
Wolseley,2026,14,0.05
Wolseley,2026,15,0.54
Wolseley,2026,16,0.9
Wolseley,2026,17,0.72
Wolseley,2026,19,0.1
Wolseley,2026,22,0.02
Wolseley,2026,23,0.04
Wolseley,2026,24,0.02
Wolseley,2026,25,0.0
Wolseley,2026,26,0.0
Wolseley,2026,27,0.01
Wolseley,2026,28,0.0
Wolseley,2026,29,0.0
Wolseley,2026,30,0.0
Wolseley,2026,31,0.01
Wolseley,2026,32,0.01
Wolseley,2026,33,0.0
